石膏	
三七	
松花	
聚乙烯	
胡萝卜素	
藏宝	
盐酸	
叶酸	
防腐剂	
磷脂	
健力	
健力宝	
咖啡因	
劲风	
二氧化硫	
抗氧化剂	
明胶	
滑石粉	
碳酸钙	
油酸	
乙酸	
柠檬酸	
果胶	
白油	
乳酸钙	
石蜡	
稳定剂	
茶多酚	
新红	
黄粉	
港红	
乳化剂	
樟脑	
亚油酸	
甜味剂	
木糖醇	
氯化钾	
高岭土	
烟酸	
丙二醇	
力存	
核黄素	
明矾	
硬脂酸	
亚麻酸	
苹果酸	
吐温	
隆鑫	
牛磺酸	
淀粉酶	
漂白剂	
柠檬黄	
植酸	
冠生园	
姜黄	
上清饮	
琼脂	
甲壳素	
天果	
着色剂	
甘氨酸	
轩尼诗	
氧化镁	
焦糖	
天仁	
碳酸氢钠	
红土地	
氢氧化钠	
丙氨酸	
靛蓝	
润明	
硫酸铜	
刺五加	
增稠剂	
酶制剂	
抗坏血酸	
丁酸	
壳聚糖	
聚乙烯醇	
磷酸二氢钾	
葡萄糖酸钙	
消泡剂	
胭脂红	
氯化钙	
鼠尾草	
酒石酸	
山梨酸	
甜蜜素	
百里香	
硫酸亚铁	
碳酸钠	
硝酸钠	
冰醋酸	
肌醇	
丁酮	
硫酸锌	
苯甲酸钠	
糖精钠	
聚乙二醇	
己二酸	
谷氨酸钠	
阿斯巴甜	
乙酸乙酯	
己酸	
氯化镁	
葡萄糖酸锌	
辣椒红	
磷酸氢钙	
硬脂酸镁	
九层塔	
亚硝酸钠	
硅酸铝	
碳酸氢铵	
木素	
日落黄	
氢氧化钾	
营养强化剂	
鹿角胶	
溴酸钾	
丁苯橡胶	
葡萄籽提取物	
低聚果糖	
仙灵脾	
一品香	
黄则	
二苯醚	
几丁质	
玉米黄	
亚硫酸钠	
硅酸钙	
华珍	
麦乳精	
麦金利	
丁基橡胶	
凝固剂	
海藻酸钠	
硫酸钙	
棕榈酸	
天门冬氨酸	
智德	
卡拉胶	
乳铁蛋白	
氢氧化钙	
苯甲醛	
三聚磷酸钠	
烟酰胺	
山梨酸钾	
双威	
富马酸	
姜油	
焦糖色	
活性钙	
液体石蜡	
姜黄素	
健康乐	
碳酸镁	
大豆磷脂	
脑磷脂	
鱼香味	
轻质碳酸钙	
过氧化苯甲酰	
木瓜蛋白酶	
博普	
己酸乙酯	
碳酸钾	
膨松剂	
桃金娘	
灰树	
葡萄糖酸亚铁	
甜叶菊	
虫胶	
黄原胶	
亚硒酸钠	
香兰素	
麦芽糖醇	
柠檬酸钙	
苯甲醇	
微晶纤维素	
视黄醇	
乙酸钠	
安赛蜜	
喜品	
乳酸钠	
柠檬油	
联苯醚	
藻蓝	
苋菜红	
番荔枝	
蟹壳黄	
焦亚硫酸钠	
嫩肉粉	
柠檬酸钠	
羧甲基纤维素钠	
鑫鼎	
山梨糖醇	
乳酸亚铁	
阿拉伯胶	
六偏磷酸钠	
制川乌	
氯化胆碱	
磷酸三钠	
水杨酸甲酯	
蛋白糖	
麦芽酚	
磷脂酶	
聚丁烯	
硫酸锰	
酪蛋白磷酸肽	
三氯蔗糖	
桉叶油	
紫胶	
苯乙酸	
香蜂草	
护色剂	
芳樟醇	
瓜萎	
氧化铁红	
月桂酸	
紫背天葵	
桂醛	
磷酸镁	
亚硫酸氢钠	
乙基麦芽酚	
叶醇	
聚异丁烯	
富马酸亚铁	
肉桂醛	
抗结剂	
麝香草酚	
巴西棕榈蜡	
丁香酚	
生物碳酸钙	
红花黄	
增味剂	
姜黄粉	
乳酸链球菌素	
苯乙醇	
磷酸氢二钠	
植酸钠	
诱惑红	
羧甲基淀粉钠	
酸性红	
硬脂酸钙	
磷酸二氢钠	
磷酸三钙	
双乙酸钠	
蔗糖酯	
焦磷酸钠	
氨基乙酸	
硫酸铝钾	
酸度调节剂	
食品香料	
柠檬酸钾	
柠檬酸铁	
青粉	
栀子黄	
乳酸乙酯	
磷酸二氢钙	
面粉处理剂	
解酒方	
肉桂油	
瓜尔胶	
松油醇	
葡聚糖酶	
聚葡萄糖	
香叶醇	
八角茴香油	
丙酸钙	
红曲红	
何首乌粉	
抗坏血酸钠	
水分保持剂	
萝卜红	
胶姆糖基础剂	
异抗坏血酸	
过氧化钙	
聚二甲基硅氧烷	
异麦芽酮糖	
呈味核苷酸二钠	
香茅醇	
柠檬酸铁铵	
法国红磨坊	
红烧海参	
面粉改良剂	
香茅醛	
乳化硅油	
山大皇	
乙酸丁酯	
乙二胺四乙酸二钠	
蔗糖素	
丙酸钠	
赤藓糖醇	
葡萄糖酸内酯	
苯甲酸苄酯	
氯化锰	
骨髓壮	
氧化铁黑	
柑桔黄	
槐豆胶	
紫罗兰酮	
薄荷素油	
叶绿素铜钠盐	
面包改良剂	
单硬脂酸甘油酯	
碳酸氢钾	
高梁红	
富硒酵母	
甘露糖醇	
乙基香兰素	
对羟基苯甲酸酯	
迷迭香提取物	
丁酸乙酯	
酪蛋白钙肽	
蔗糖脂肪酸酯	
磷酸氢二钾	
乙酰磺胺酸钾	
胆钙化醇	
异抗坏血酸钠	
硒化卡拉胶	
乳糖醇	
异麦芽酮糖醇	
柑橘黄	
亚铁氰化钾	
丁二酮	
赖氨酸盐酸盐	
环状糊精	
丙酸乙酯	
亚硝酸钾	
留兰香油	
苯基苯酚	
聚乙酸乙烯酯	
赤藓红	
鸡粉调味料	
乙酸钙	
谷氨酰胺酶	
特丁基对苯二酚	
磷脂酰乙醇胺	
甲基丁酸	
胭脂虫红	
乙氧基喹	
噻苯咪唑	
环己基氨基磺酸钠	
邻苯基苯酚	
甘氨酸锌	
对羟基苯甲酸乙酯	
甜菜红	
酒石酸氢钾	
赤藻糖醇	
抗坏血酸钙	
仲丁胺	
甘油脂肪酸酯	
半胱氨酸盐酸盐	
鸟苷酸二钠	
亚麻籽胶	
栀子蓝	
藏花素	
桉叶素	
乙酸芳樟酯	
甜橙油	
海萝胶	
槟榔子	
没食子酸丙酯	
脱乙酰甲壳素	
洋茉莉醛	
紫草红	
脱氢乙酸	
肌苷酸二钠	
海藻酸钾	
二氯苯氧乙酸	
松香甘油酯	
宝宝福	
红米红	
抗坏血酸棕榈酸酯	
越橘红	
硫酸铝铵	
乙酸苄酯	
辛癸酸甘油酯	
低亚硫酸钠	
丁基羟基茴香醚	
红松宝	
葡萄糖酸锰	
焦亚硫酸钾	
己醛	
格林斯通	
天门冬酰胺酶	
桑椹红	
硬脂酰乳酸钠	
甲基香豆素	
盐酸硫胺素	
紫胶红	
焦磷酸二氢二钠	
甲基丁香酚	
稳定态二氧化氯	
葡萄皮红	
戊基肉桂醛	
喹啉黄	
甜菊糖苷	
田菁胶	
聚甘油脂肪酸酯	
二丁基羟基甲苯	
葡萄糖酸钾	
黑豆红	
汉生胶	
沐丹阳	
酒石酸氢胆碱	
甲基苯乙酮	
香芹酮	
乙酸龙脑酯	
辛酸乙酯	
羟丙基淀粉	
葡萄糖酸镁	
辛醛	
邻氨基苯甲酸甲酯	
硬脂酸钾	
乙酸异戊酯	
海藻酸丙二醇酯	
磷酸三钾	
甲基环戊烯醇酮	
麦角钙化醇	
加味二妙散	
偶氮甲酰胺	
罗汉果冲剂	
倍半碳酸钠	
茴香醇	
聚甘油单硬脂酸酯	
虫胶红	
浓缩果酱	
三聚甘油单硬脂酸酯	
己烯醛	
花生衣红	
己酸烯丙酯	
二甲基聚硅氧烷	
庚酸乙酯	
山梨醇酐单油酸酯	
硅铝酸钠	
丁酸丁酯	
柠檬酸亚锡二钠	
苯乙醛	
偏酒石酸	
苯乙酸甲酯	
改性大豆磷脂	
脱氢乙酸钠	
抗衰老啤酒	
葡萄糖酸铜	
复盆子酮	
葫芦巴胶	
香菜籽粉	
玫瑰茄红	
大茴香醛	
甘草酸三钾	
天然苋菜红	
柠檬酸一钠	
葵醛	
羟基硬脂精	
乙酸薄荷酯	
氰钴胺素	
植物炭黑	
亚铁氰化钠	
己烯醇	
丙二醇脂肪酸酯	
乙酸松油酯	
羟丙基淀粉醚	
异戊酸异戊酯	
竹叶抗氧化物	
琥珀酸二钠	
普鲁兰酶	
异戊酸乙酯	
十八烷酸	
脂肪酸蔗糖酯	
单辛酸甘油酯	
果胶酯酶	
密蒙黄	
硬脂酰乳酸钙	
硝酸硫胺素	
鼠尾草粉	
新奥尔良腌制料	
硫代二丙酸二月桂	
硫代二丙酸二月桂酯	
羟基香茅醛	
对羟基苯甲酸甲酯钠	
降脂益寿茶	
桃醛	
巴拉塔树胶	
燕禾金	
丁酸异戊酯	
乙萘酚	
可得然胶	
硅铝酸钙	
松香季戊四醇酯	
原味腌制料	
乙酸香叶酯	
乙酸异丁酸蔗糖酯	
强化麦乳精	
乙酸二甲基苄基原酯	
糖胶树胶	
乙基愈创木酚	
羟甲基淀粉钠	
决明胶	
癸酸乙酯	
丁酸苄酯	
黄蜀葵胶	
沙蒿胶	
木糖醇酐单硬脂酸酯	
果胶酶制剂	
己基间苯二酚	
可可麦乳精	
糖化酶制剂	
菊花黄浸膏	
高倍果汁	
罗卜红	
氢化松香甘油酯	
茶绿色素	
聚氧乙烯山梨醇酐单月桂酸酯	
对羟基苯甲酸丙酯钠	
兔耳草醛	
铁素四色球	
山梨醇酐单硬脂酸酯	
柠檬黄铝色淀	
己基肉桂醛	
二甲基苄基原醇	
苯基苯酚钠	
甘草抗氧化物	
黑加仑红	
聚甘油蓖麻醇酯	
抗坏血酸磷酸酯镁	
十二酸乙酯	
落葵红	
吗啉脂肪酸盐果蜡	
赤藓红铝色淀	
聚氧乙烯木糖醇酐单硬脂酸酯	
酷蛋白酸钠	
壬酸乙酯	
丙酸苄酯	
聚氧乙烯山梨醇酐单油酸酯	
聚氧乙烯聚氧丙烯季戊四醇醚	
十二烷基二甲基溴化铵	
脂肪酸单甘油脂	
二氢香豆素	
碳酸氢三钠	
苋菜红铝色淀	
偶氮玉红	
日落黄铝色淀	
叶绿素铜钾盐	
环己基丙酸烯丙酯	
诱惑红铝色淀	
杨梅醛	
甲基邻氨基苯甲酸甲酯	
天门冬酰苯氨酸甲酯	
壬内酯	
维生素	
抗生素	
甲醛	
甲醇	
脱氧核糖核酸	
二甲苯	
甲苯	
不饱和脂肪酸	
硫化物	
咽拭子	
阿司匹林	
吗啡	
黄曲霉毒素	
硫化氢	
朱砂	
茯苓	
麻黄碱	
艾叶	
雄黄	
苯甲酸	
天麻	
碳酸钙	
罂粟壳	
硫酸盐	
黄连	
丹参	
柠檬酸	
麝香	
黄芩	
聚氯乙烯	
硝酸	
氯霉素	
果胶	
乳糖	
桔梗	
银杏叶	
生物制剂	
白术	
艾草	
黄柏	
螺旋藻	
麻黄	
氯化钠	
苯酚	
西布曲明	
肉桂	
鱼肝油	
杜仲	
佛手	
松香	
水解蛋白	
加碘盐	
嘌呤	
滑石粉	
氢氧化钠	
白芷	
川芎	
何首乌	
参茸	
过氧化氢	
芡实	
乳清蛋白粉	
决明子	
卵磷脂	
五味子	
黄皮	
过氧化苯甲酰	
吐温	
玉竹	
高锰酸钾	
青皮	
冰片	
亚油酸	
硅酸盐	
胶原	
叶黄素	
苯胺	
牛黄	
栀子	
野菊花	
硫黄	
沙丁胺醇	
赤小豆	
红参	
酚酞	
木香	
川贝	
鱼精蛋白	
木糖醇	
沙参	
油酸	
硼酸	
金莲花	
牛磺酸	
樟脑	
磺胺	
黑胡椒	
桂枝	
碳酸氢钠	
红景天	
胖大海	
草果	
芦根	
砂仁	
益母草	
玄参	
小茴香	
合谷	
大青叶	
赤芍	
果醋	
茶碱	
土茯苓	
淀粉酶	
谷氨酸	
枇杷叶	
高丽参	
马鞭草	
姜黄	
乌头碱	
辣椒素	
苦参	
亚硫酸盐	
海藻酸钠	
丙烯酰胺	
辅酶	
龙胆	
白藜芦醇	
菟丝子	
天然维生素	
双黄连	
熟地黄	
石松	
紫草	
川乌	
牛蒡子	
牡丹皮	
车前草	
橙皮	
人工牛黄	
糖蛋白	
小麦胚芽	
八角茴香	
糖蜜	
桑枝	
银杏叶提取物	
甘氨酸	
胆酸	
葡萄糖酸钙	
雷公藤	
黄根	
龙胆草	
白芥子	
核糖体	
酚醛树脂	
姜黄素	
甲醇中毒	
四氢大麻酚	
甘油三脂	
磷化铝	
己烯雌酚	
白鲜皮	
奥利司他	
云南白药酊	
枸橼酸西地那非	
粉针剂	
麻叶	
烟酰胺	
病毒唑	
粘多糖	
龙胆泻肝丸	
凌霄花	
小柴胡	
分枝杆菌	
藿香正气口服液	
酪氨酸酶	
糖脂宁胶囊	
恩替卡韦	
氢化可的松	
白薇	
氯吡格雷	
杞菊地黄丸	
石榴皮	
牛黄清心丸	
莫西沙星	
琥珀酸	
保和丸	
清热解毒口服液	
知柏地黄丸	
独一味	
代谢酶	
盐酸金刚烷胺	
凝胶剂	
无水乙醇	
头孢他啶	
芬太尼	
逍遥丸	
还原酶	
双球菌	
阿伐斯汀	
细菌内毒素	
地肤子	
浓缩丸	
广藿香	
冻干粉针剂	
磷化氢	
补血药	
头孢氨苄	
小柴胡颗粒	
对羟基苯甲酸甲酯	
日夜百服咛	
泰诺林	
呋麻滴鼻液	
降钙素	
木糖	
达克宁	
口服葡萄糖	
蔓荆子	
辛伐他汀	
蒿甲醚	
急支糖浆	
云南白药胶囊	
夜交藤	
胆碱酯酶	
补肾益寿胶囊	
卡马西平	
咪唑	
菊粉	
蟾酥	
总胆红素	
息斯敏	
葛根素	
僵蚕	
强心药	
头孢呋辛	
云南白药膏	
大肠埃希菌	
抗蝮蛇毒血清	
鸡骨草	
硝酸银	
华素片	
氨氯地平	
胰酶	
氯雷他定	
促红细胞生成素	
可的松	
多粘菌素	
猪链球菌	
菠萝蛋白酶	
刺激剂	
白参	
脑膜炎球菌多糖疫苗	
胃复安	
百多邦	
氯霉素滴眼液	
透骨草	
超氧化物歧化酶	
消炎利胆片	
洋金花	
辛夷花	
氯硝西泮	
盐酸麻黄碱	
促甲状腺激素	
加替沙星	
解毒胶囊	
环磷酰胺	
胺碘酮	
腺苷	
青蒿琥酯	
谷草转氨酶	
强力霉素	
三磷酸腺苷	
重组人生长激素	
葡萄胎	
总蛋白	
革兰氏阴性菌	
米非司酮片	
降压片	
罗浮山百草油	
米诺地尔	
蒙脱石散	
头孢拉定胶囊	
米非司酮	
新霉素	
艾司唑仑	
多西环素	
盐酸曲马多片	
丹参片	
阿托伐他汀	
莎普爱思	
环孢素	
玻璃酸钠	
蓖麻子	
缩宫素	
组氨酸	
盐酸二甲双胍	
乌龙养血胶囊	
氟乙酰胺	
马兜铃酸	
硫糖铝	
三七片	
西咪替丁	
秋水仙碱片	
川牛膝	
可乐定	
护肝片	
小儿氨酚烷胺颗粒	
谷氨酰胺	
克拉霉素	
三九胃泰	
高良姜	
通心络胶囊	
马兜铃	
淡豆豉	
水蜜丸	
颠茄片	
直链淀粉	
罗格列酮	
洋地黄	
瓜氨酸	
吡格列酮	
丙氨酸	
颠茄	
假单胞菌	
酊剂	
头孢克洛	
块菌	
茯神	
奥美拉唑肠溶胶囊	
嗜肺军团菌	
溪黄草	
碘化钾片	
苯妥英钠	
结核菌素	
使君子	
羧甲基纤维素钠	
地高辛片	
金匮肾气丸	
胶原酶	
东莨菪碱	
积雪草	
丙泊酚	
五灵脂	
素馨花	
联邦止咳露	
嗜酸乳杆菌	
抗血清	
乙酰氨基酚	
胱氨酸	
湿润剂	
林可霉素	
抗酸药	
二氯苯氧乙酸	
曲美他嗪	
外毒素	
子座	
聚乙烯醇	
苯扎氯铵	
雷帕霉素	
碱性磷酸酶	
制首乌	
冻干人用狂犬病疫苗	
浙贝	
凝血酶原复合物	
碘酊	
类固醇激素	
白介素	
异丙嗪	
抗狂犬病血清	
右美沙芬	
清热药	
帕罗西汀	
感冒灵颗粒	
银黄颗粒	
复方新诺明	
亮氨酸	
绒毛膜促性腺激素	
胆盐	
氟化泡沫	
血清白蛋白	
炒麦芽	
合成酶	
润肠胶囊	
扶芳藤	
格列美脲	
洛赛克	
清开灵口服液	
地奥心血康胶囊	
阿卡波糖	
血清蛋白	
阿昔洛韦	
硅凝胶	
炒白术	
乳酶生	
银杏胶囊	
倍他乐克	
阿莫西林颗粒	
小柴胡汤	
砷化氢	
苏氨酸	
希罗达	
草珊瑚含片	
聚丙烯酰胺	
盐酸异丙嗪	
红细胞生成素	
地奥心血康	
白前	
蒲黄	
银翘解毒片	
侧柏叶	
人免疫球蛋白	
氨基葡萄糖	
头孢克肟	
革兰氏阳性菌	
水解酶	
蒙脱石	
舒乐安定	
蜡样芽胞杆菌	
萘普生	
雷尼替丁	
地榆	
伸筋草	
白花油	
右丙氧芬	
七叶一枝花	
腮腺炎减毒活疫苗	
醋酸泼尼松	
盐酸林可霉素	
补中益气丸	
利培酮	
白英	
胰岛素样生长因子	
罗红霉素胶囊	
蛋白激酶	
拟除虫菊酯类	
降糖宁胶囊	
克林霉素磷酸酯	
感冒清热冲剂	
制何首乌	
珍菊降压片	
蝎毒	
吉祥草	
安博维	
甘遂	
桑皮	
生脉饮	
左旋多巴	
败酱草	
咳特灵胶囊	
藿香正气软胶囊	
抗骨质增生丸	
苦参碱	
归脾丸	
白花蛇舌草	
木犀草苷	
黄连上清丸	
细胞分裂素	
黑老虎	
白细胞介素	
谷芽	
仙灵脾	
脉络宁	
西替利嗪	
脂多糖	
伐地那非	
硼替佐米	
速效感冒胶囊	
参苓白术散	
结构蛋白	
利他林	
半枝莲	
转化酶	
橘络	
青风藤	
关木通	
首乌藤	
金匮	
扶他林	
润通胶囊	
抗雄激素	
乳酸脱氢酶	
蛇胆川贝液	
替硝唑	
多西他赛	
大豆磷脂	
琥珀胆碱	
藿香正气滴丸	
怀牛膝	
跌打丸	
二甲基甲酰胺	
促性腺激素释放激素	
肝郁调经膏	
阿普唑仑片	
口服溶液剂	
单硬脂酸甘油酯	
类毒素	
特布他林	
甲氨蝶呤	
银翘解毒丸	
天麻胶囊	
花生四烯酸	
氨曲南	
山豆根	
山莨菪碱	
妇科千金片	
氨苄西林	
尿囊素	
抗利尿激素	
大补丸	
竹茹	
头孢噻肟	
磷酸奥司他韦胶囊	
白豆蔻	
血脂灵胶囊	
通宣理肺丸	
左炔诺孕酮片	
苯乙双胍	
小蓟	
肌苷	
华佗再造丸	
柿蒂	
羟脯氨酸	
非那雄胺	
苯甲醛	
大山楂丸	
头孢唑林	
银黄	
凝集素	
复方氨酚烷胺胶囊	
混悬剂	
人绒毛膜促性腺激素	
胶浆	
川芎嗪	
蒽醌	
甜菜碱	
血管紧张素转化酶	
拜新同	
葡萄糖酸锌	
炎琥宁	
利脑心片	
丝氨酸	
葶苈子	
甘松	
灭菌剂	
氨咖黄敏胶囊	
川楝子	
布渣叶	
亚甲蓝	
甲氧西林	
联苯	
苯磺酸氨氯地平片	
桑菊饮	
醛固酮	
糖适平	
口服轮状病毒活疫苗	
复方板蓝根颗粒	
感冒颗粒	
荔枝核	
蓝芩口服液	
免疫血清	
盐酸氯丙那林	
良姜	
款冬花	
地西泮片	
格列吡嗪	
西洋参胶囊	
别嘌醇片	
潘生丁	
单胺氧化酶	
蛋白酶抑制剂	
硼酸溶液	
丙氧匹林片	
七厘散	
太太口服液	
消炎片	
收敛剂	
双氯芬酸钠	
多巴胺受体	
参松养心胶囊	
阿米三嗪萝巴新片	
洗必泰	
环己胺	
盐酸苯乙双胍	
布氏杆菌	
丙氧氨酚片	
肾气丸	
胸腺肽	
醒脾开胃颗粒	
泼尼松	
五氯酚钠	
他克莫司	
甲硝唑片	
呋喃妥因	
复方阿米三嗪片	
有效氯	
泛酸钙	
复合剂	
磷霉素	
复方甘草合剂	
谷甾醇	
螺旋霉素	
醒脑静	
姜半夏	
甘精胰岛素	
口炎清颗粒	
硬胶囊剂	
桑菊感冒片	
大力补	
宝宝乐	
脂褐素	
鼻炎康片	
赛庚啶	
枸杞多糖	
藿香正气散	
亮丙瑞林	
依那普利	
尼莫地平	
小儿咳喘灵颗粒	
瑞贝克	
阿卡波糖片	
广金钱草	
硫酸特布他林	
开博通	
麻黄浸膏	
莲芯	
格列齐特	
四磨汤口服液	
泰宝	
制川乌	
戊巴比妥	
胃康灵	
炉甘石	
疝立消	
石决明	
磺胺嘧啶	
磷酸氢钙	
嗜盐菌	
氟哌啶醇	
红芪	
丹宁酸	
安神补脑液	
甲强龙	
合欢皮	
抗胰蛋白酶	
高半胱氨酸	
抑制素	
莫达非尼	
体外培育牛黄	
龙眼蜜	
依达拉奉	
灯心草	
磷脂酶	
白蒺藜	
灵芝片	
返魂草	
宝宝金水	
六一散	
肌钙蛋白	
硫酸氢氯吡格雷片	
海藻糖	
胸腺五肽	
低分子肝素	
氯苯那敏	
泥炭藓	
优甲乐	
治咳川贝枇杷露	
磺胺药	
优氯净	
荆芥穗	
乳膏剂	
小儿感冒颗粒	
头孢氨苄胶囊	
板兰根	
抗组胺剂	
去氧胆酸	
咪达唑仑	
溴甲烷	
波依定	
残基	
淀粉粒	
盐酸肾上腺素	
铝碳酸镁	
左炔诺孕酮	
银柴胡	
灵芝孢子粉胶囊	
凝血酶原	
溶栓脑通胶囊	
海金沙	
补肾丸	
硫喷妥钠	
咽炎片	
胡椒碱	
四神丸	
氢溴酸右美沙芬	
黄连上清片	
灵芝多糖	
硫酸卡那霉素	
炙黄芪	
神经酰胺	
利凡诺	
中枢兴奋药	
生脉	
半边莲	
复方茶碱麻黄碱片	
穿心莲内酯	
黄体生成素	
通天口服液	
乌灵胶囊	
甲状旁腺激素	
逍遥散	
粘菌素	
脑心通	
炮姜	
长春新碱	
睾丸鞘膜积液	
水合氯醛	
老鹳草	
硫代硫酸钠	
羟苯乙酯	
奥沙利铂	
灵芝胶囊	
龟甲胶	
普萘洛尔	
奥氮平	
黄枝	
复方利血平片	
缬氨酸	
人参健脾丸	
人参皂苷	
缓释制剂	
雪梨膏	
月见草油	
牛黄上清丸	
氨金黄敏颗粒	
促黄体素	
甲基多巴	
养阴口香合剂	
亚胺培南	
小儿安	
强力枇杷露	
多潘立酮片	
薯莨	
脾肾双补丸	
万爽力	
牛黄清胃丸	
软膏剂	
当归尾	
断血流胶囊	
溶液剂	
二硝基甲苯	
蒽醌类	
布洛芬混悬液	
咳必清	
整合素	
化皮	
印度大麻	
诺和灵	
安息香	
抗骨增生片	
玉屏风	
轻粉	
小儿肺热咳喘口服液	
洋地黄中毒	
生脉散	
地芬诺酯	
右归丸	
氟西汀	
多黏菌素	
透明质酸酶	
布洛芬缓释胶囊	
阿魏酸	
奥施康定	
卵泡刺激素	
干酵母片	
凝乳酶	
洛汀新	
甲基纤维素	
劳拉西泮	
感冒灵胶囊	
阿奇霉素颗粒	
呋塞米	
小儿氨酚黄那敏颗粒	
诃子	
膏桐	
促肾上腺皮质激素	
丙硫氧嘧啶	
十二烷基硫酸钠	
羚羊清肺丸	
核糖	
奋乃静	
复方蒿甲醚	
夏桑菊颗粒	
唾液酸	
左归丸	
双氯芬酸	
对二氯苯	
戈舍瑞林	
雌酮	
冬眠灵	
冰硼散	
抗栓胶囊	
氯化胆碱	
阿拉伯糖	
司帕沙星	
槟榔花	
萘胺	
二聚体	
硝苯地平缓释片	
思诺思	
硫酸沙丁胺醇	
海豹油	
细辛脑	
盐酸小檗碱	
枯矾	
蔗糖脂肪酸酯	
鸟嘌呤	
丙咪嗪	
游离二氧化硅	
丹参酮	
山楂核	
胰高血糖素	
黄嘌呤	
加压素	
复方降压片	
磷化锌	
抗病毒颗粒	
胸腺嘧啶	
红藤	
阿米替林	
法莫替丁	
附子理中丸	
阿米卡星	
氢氧化镁	
南沙参	
硒蛋白	
芦荟胶囊	
胆南星	
六味地黄胶囊	
表皮葡萄球菌	
芽胞杆菌	
玉屏风颗粒	
四方藤	
四乙基铅	
枸橼酸氯米芬片	
三七伤药片	
仙茅	
戊二醛	
氢氧化铝凝胶	
食母生	
银杏叶胶囊	
感冒软胶囊	
奥硝唑	
血府逐瘀胶囊	
醋酸纤维素	
人参叶	
齐多夫定	
小儿复方氨酚烷胺片	
艾附暖宫丸	
川贝枇杷糖浆	
栝楼	
结石通茶	
岗梅	
胡黄连	
赤石脂	
脯氨酸	
复方氨基酸	
细胞色素	
皮炎芽生菌	
藤黄	
球果	
磷酸二酯酶	
芬布芬胶囊	
甲磺酸伊马替尼	
紫苏油	
壮腰健肾丸	
葡萄糖醛酸	
托叶	
复方地芬诺酯片	
氟罗沙星	
鬼针草	
软胶囊剂	
吡嗪酰胺	
卷柏	
天麻素	
微晶纤维素	
复合树脂	
西洋参含片	
二苯乙烯	
克仑特罗	
莲须	
葛根芩连微丸	
胞嘧啶	
乙酰螺旋霉素	
吗啉胍	
乳果糖	
柴胡口服液	
固本延龄丸	
洛伐他汀	
紫雪丹	
载脂蛋白	
阳起石	
制霉菌素	
十全大补丸	
阿莫西林分散片	
珍珠层粉	
鞣酸蛋白	
复方感冒灵片	
咳喘宁	
丙戊酸钠	
芬氟拉明	
鱼石脂软膏	
驴胶补血颗粒	
灰黄霉素	
力比泰	
氟尿嘧啶	
阿奇霉素分散片	
罗红霉素分散片	
麦味地黄丸	
郁李仁	
依诺沙星	
复方磷酸可待因溶液	
螺内酯	
养心宁神丸	
盐酸左氧氟沙星片	
盐酸四环素	
过岗龙	
肉蔻	
相思子	
广防己	
奎尼丁	
巯基	
双嘧达莫片	
妥布霉素	
甘草浸膏	
仁青常觉	
更昔洛韦	
对苯二酚	
白花蛇	
脑心通胶囊	
碳酸氢钠片	
贝齿	
曲安奈德	
柴胡疏肝散	
宁嗽化痰丸	
苯佐卡因	
甲砜霉素胶囊	
头孢哌酮钠舒巴坦钠	
曲妥珠单抗	
大活络丸	
异亮氨酸	
洛美沙星	
丁胺卡那霉素	
益母草颗粒	
辛伐他汀片	
肺力咳胶囊	
消渴降糖胶囊	
天麻丸	
防风通圣丸	
氟喹诺酮	
牛乳钙	
羟甲唑啉	
黄豆苷元片	
葡萄球菌肠毒素	
清血八味	
丽珠肠乐	
灵仙	
培植牛黄	
葡萄糖酸钠	
多维元素片	
阿霉素	
伊曲康唑	
铁锌钙	
哌嗪	
金属酶	
酪胺	
保济口服液	
伏立康唑	
盐酸左氧氟沙星	
牵牛子	
妇科千金胶囊	
缬沙坦	
甘露糖	
银屑胶囊	
络合碘	
半枫荷	
病毒性胃肠炎	
锁阳固精丸	
百令胶囊	
醋酸地塞米松	
磺胺二甲嘧啶	
皮康王	
炔诺酮	
非必需氨基酸	
过氧化物酶	
阿苯达唑片	
万托林	
正丁醇	
阿托伐他汀钙片	
参苓白术丸	
舒巴坦	
仙灵骨葆胶囊	
金嗓子喉片	
沙棘油	
脱色剂	
苯甲酸雌二醇	
参茸大补膏	
氯氮卓	
普鲁卡因	
替米沙坦	
京制牛黄解毒片	
止咳胶囊	
心脑康胶囊	
氯化钠溶液	
克拉维酸钾	
慢严舒柠	
烯酸	
吉西他滨	
消栓通络片	
硫酸二甲酯	
麻仁丸	
感冒清片	
雷公藤片	
佐匹克隆	
三宝胶囊	
鼻炎片	
氨酚伪麻美芬片	
养阴清肺丸	
山芝麻	
麦角	
美托洛尔	
香连丸	
甲酚	
溶菌	
哌拉西林	
肾茶	
金樱根	
羚羊感冒片	
谷维素片	
回音必	
氨基酸口服液	
瞿麦	
蛇舌草	
氟康唑	
荧光素	
阿司匹林片	
纳洛酮	
舒降之	
清肺十八味丸	
盐酸多巴胺	
人参蜂王浆	
磺酸	
五氯酚	
抗酸杆菌	
连接酶	
芪苈强心胶囊	
复方阿司匹林	
瓦松	
京都念慈庵	
乙酰半胱氨酸	
铬酸盐	
米索前列醇	
麝香接骨胶囊	
氨酚烷胺那敏胶囊	
正柴胡饮	
普伐他汀	
白舒非	
精制冠心片	
忍冬藤	
吡喹酮	
头孢噻肟钠	
阿洛西林	
美罗培南	
酚麻美敏片	
胃苏颗粒	
山栀子	
安宫黄体酮	
郁金银屑片	
榧子	
腰椎痹痛丸	
二至丸	
金荞麦	
丁香酚	
硫柳汞	
茯苓多糖	
小儿止咳糖浆	
熊果酸	
青霉素钠	
微丸	
氨基糖苷	
艾司唑仑片	
奈韦拉平	
酚咖麻敏胶囊	
阿糖胞苷	
复方草珊瑚含片	
阿奇霉素胶囊	
南板蓝根	
健儿消食口服液	
安神丸	
芦氟沙星	
头孢美唑	
垂盆草	
藿香正气片	
凤尾草	
普罗帕酮	
消咳喘糖浆	
明目上清片	
西比灵	
蛋白水解酶	
七十味珍珠丸	
槐角	
雌三醇	
胃复春片	
九节菖蒲	
焦麦芽	
稳心颗粒	
吉米沙星	
科素亚	
白蔻	
氟哌酸胶囊	
淀粉浆	
金水宝胶囊	
复方氨酚烷胺	
除障则海甫片	
梭状芽胞杆菌	
对羟基苯甲酸丙酯	
聚甲基丙烯酸甲酯	
乳酸菌素片	
修复酶	
唾液淀粉酶	
米索前列醇片	
六氯苯	
奥利司他胶囊	
抗五步蛇毒血清	
非洛地平	
天仙藤	
桂附地黄丸	
回春如意胶囊	
氨苯砜	
人参养荣丸	
间苯二酚	
水菖蒲	
二氮嗪	
糖尿乐胶囊	
铁皮枫斗颗粒	
复方丹参	
公丁香	
复方黄连素片	
布洛芬缓释片	
鲜竹沥	
苏梗	
硫酸阿托品	
霉素	
异丙肾上腺素	
催眠剂	
麦迪霉素	
栀子金花丸	
双黄连粉针剂	
盐酸氨溴索	
花生红衣	
银杏酸	
司米安	
卡培他滨	
阿替洛尔	
厄贝沙坦	
抗血小板药	
复方氨酚烷胺片	
阿仑膦酸钠	
清开灵颗粒	
人参再造丸	
环孢素软胶囊	
破伤风类毒素	
正天丸	
尼麦角林	
阿奇霉素片	
小檗碱甲氧苄啶胶囊	
氟康唑胶囊	
氟烷	
香草醛	
乙胺丁醇	
过氧乙酸溶液	
单硝酸异山梨酯缓释片	
头孢米诺	
十味黑冰片丸	
正柴胡饮颗粒	
大补阴丸	
复方聚维酮碘搽剂	
谷氨酰转肽酶	
甘草次酸	
大蒜辣素	
荠菜花	
非诺贝特	
葫芦巴碱	
水杨梅	
二氯异氰尿酸钠	
安坦	
金樱首乌汁	
麻仁润肠丸	
十味乳香胶囊	
血清胆红素	
福莫特罗	
他唑巴坦钠	
西瓜霜润喉片	
牛磺熊去氧胆酸	
硝苯地平控释片	
齐墩果酸	
乳酸钠	
胃必治	
天竺黄	
腰痹通胶囊	
瑞格列奈	
马来酸罗格列酮	
士的宁	
天王补心丹	
桂林西瓜霜	
刺激素	
复方甘草口服溶液	
塞来昔布	
阿拉明	
蚓激酶	
心脑清软胶囊	
酚酞片	
乳酶生片	
头孢唑肟	
培氟沙星	
榄香烯	
碘海醇	
苯甲醇	
次乌头碱	
盐酸可乐定	
蒲地蓝消炎口服液	
榄香烯口服乳	
氨溴索	
中药散剂	
伯氨喹	
硬脂酸镁	
阳春砂	
硫酸新霉素	
前列通瘀片	
白首乌	
石斛夜光丸	
植物血凝素	
金锁固精丸	
盐酸雷尼替丁胶囊	
扑尔敏片	
万通筋骨片	
颅痛宁颗粒	
调经至宝丸	
牛磺胆酸	
蛇胆川贝枇杷膏	
茵陈五苓丸	
白癜风胶囊	
氨甲环酸	
丁甘仁	
醋酸甲羟孕酮	
西沙必利	
乙酰胆碱酯酶	
季德胜蛇药片	
止眩安神颗粒	
细胞毒素	
薏辛除湿止痛胶囊	
柴银口服液	
五子衍宗丸	
米诺环素	
硝普钠	
通舒口爽胶囊	
银黄含片	
保列治	
美他环素	
脑心清片	
环氧化酶	
芫花	
明党参	
盐酸左氧氟沙星胶囊	
氯沙坦	
孕三烯酮胶囊	
杜仲叶	
尼群地平	
盐皮质激素	
克淋通胶囊	
胃蛋白酶原	
哌喹	
蒲地蓝消炎片	
咪康唑	
阿替普酶	
活血止痛胶囊	
甲硫氨酸	
制半夏	
乙胺嘧啶	
红参片	
苯氧乙醇	
盐酸二氢埃托啡	
柚皮苷	
隔山消积颗粒	
缩泉丸	
吗替麦考酚酯	
动物毒素	
静心口服液	
脑塞通丸	
耳聋通窍丸	
白花油麻藤	
桑螵蛸	
清瘟败毒饮	
特拉唑嗪	
藁本	
硫辛酸	
那氟沙星	
虚寒证	
拓扑异构酶	
胞浆素	
金莲清热泡腾片	
广东凉茶颗粒	
匍匐茎	
他唑巴坦	
色甘酸钠	
奥拉西坦	
核酸内切酶	
月桂醇硫酸钠	
氯美扎酮	
哌唑嗪	
二甲双胍缓释片	
非洛地平缓释片	
氨酚羟考酮	
菊花心	
小儿宝泰康颗粒	
麻黄根	
盐酸二甲双胍片	
维拉帕米	
荆防败毒散	
茸杞补肾健脾茶	
托氟沙星	
络石藤	
制草乌	
新生儿泪囊炎	
外源凝集素	
头孢哌酮钠	
西妥昔单抗	
司氟沙星	
黛力新	
可愈糖浆	
复方甘草口服液	
罗布麻叶	
乌洛托品溶液	
苏合香丸	
得普利麻	
激肽	
纤溶酶	
双红活血胶囊	
寒水石	
清开灵软胶囊	
猴枣	
氯雷他定片	
木香顺气丸	
氯丁二烯	
萆薢	
单硝酸异山梨酯	
利巴韦林颗粒	
斯利安叶酸片	
盐酸曲美他嗪	
氟哌噻吨美利曲辛片	
氯芬黄敏片	
双奇胶囊	
五味黄连丸	
达诺	
克霉唑	
颈复康颗粒	
旋覆花	
五海瘿瘤丸	
山楂降压胶囊	
格列喹酮	
氢吗啡酮	
参鹿扶正胶囊	
清肺散结丸	
琥乙红霉素	
百日咳杆菌	
双料喉风散	
皮质素	
咖啡酸	
脉管复康胶囊	
美西律	
炒莱菔子	
柔红霉素	
去铁胺	
五苓散	
葛根芩连片	
石韦	
易蒙停	
佐匹克隆片	
阿苯达唑	
二十五味珍珠丸	
风热感冒颗粒	
熊去氧胆酸胶囊	
伊立替康	
厄贝沙坦氢氯噻嗪片	
贝诺酯	
坐骨腰痛丸	
疗癣卡西甫散	
川贝止咳露	
二苯甲酮	
喹啉	
荜茇	
黄药子	
益母草膏	
肉桂叶	
甲状腺片	
小牛血去蛋白提取物	
破伤风人免疫球蛋白	
呋喃唑酮片	
氨酚氯雷伪麻缓释片	
荷叶碱	
土荆芥	
三氯叔丁醇	
铝碳酸镁片	
乙酰螺旋霉素片	
硫酸鱼精蛋白	
朱砂安神丸	
氨苯蝶啶	
芳樟醇	
解热镇痛抗炎药	
普乐可复	
脑蛋白水解物口服液	
活力源口服液	
烟曲霉	
同化激素	
乐力钙	
仁青芒觉	
消糖灵胶囊	
排石颗粒	
地塞米松磷酸钠	
槲叶	
小檗碱	
土霉素片	
速效止泻胶囊	
呼吸酶	
小诺霉素	
八角茴香油	
银杏叶分散片	
结合雌激素	
头孢西丁	
头孢羟氨苄	
左金丸	
鱼藤酮	
磷酸氢二钾	
独圣活血片	
羚翘解毒丸	
卡马西平片	
委陵菜	
人参归脾丸	
酮洛芬	
清心明目上清丸	
伊维菌素	
妇康片	
恩替卡韦片	
银杏内酯	
醋酸泼尼松片	
咳特灵	
草豆蔻	
龙齿	
板兰根冲剂	
西乐葆	
便乃通茶	
双瓜糖安胶囊	
麦角新碱	
双黄连胶囊	
复方甘草	
白消安	
石淋	
亚硒酸钠	
氮芥	
格华止	
拉米夫定片	
洛贝林	
天麻醒脑胶囊	
杜仲皮	
连接蛋白	
转化糖	
头孢克肟片	
水牛角浓缩粉	
参蛤平喘胶囊	
骨康胶囊	
养血清脑颗粒	
季德胜蛇药	
甲基麻黄碱	
橙皮苷	
冷冻保护剂	
尼莫地平片	
珍宝丸	
无水氯化钙	
无水葡萄糖	
参七心疏胶囊	
磺胺甲恶唑	
皮肤病血毒丸	
多廿烷醇	
三七胶囊	
紫苏子	
滋肾育胎丸	
头孢地嗪	
虚汗停颗粒	
头孢克洛胶囊	
厄贝沙坦片	
食母生片	
蛇胆川贝散	
复方地芬诺酯	
氨酚伪麻片	
阿胶口服液	
曲克芦丁片	
炒决明子	
盐酸贝那普利片	
肠康胶囊	
二十碳四烯酸	
润肺止嗽丸	
安神健脑液	
穿心莲片	
门冬氨酸钾镁	
益气养血口服液	
特非那定	
胆囊收缩素	
河车大造丸	
胰淀粉酶	
复方磺胺甲恶唑	
八珍益母丸	
肌球蛋白	
羟苯甲酯	
反转录酶	
浓缩当归丸	
吡啶甲酸	
理气舒心片	
龙胆花	
银翘解毒颗粒	
痔疮止血颗粒	
鹅去氧胆酸	
康力龙	
雷公藤双层片	
乳酸菌素	
克拉霉素胶囊	
甘草甜素	
灯盏花素	
黄连羊肝丸	
雷公藤多苷片	
门冬氨酸	
复方氨酚苯海拉明片	
猪殃殃	
北五味子	
参芪胶囊	
游离酸	
丙磺舒	
三七总皂苷	
沙利度胺	
偏瘫复原丸	
明目地黄丸	
螺旋藻胶囊	
消咳宁片	
羰基镍	
甲地孕酮	
降脂灵胶囊	
左卡尼汀	
促黄体生成激素	
乙醇溶液	
桑椹颗粒	
醋酸铅	
同工酶	
同仁乌鸡白凤丸	
舒巴坦钠	
硫酸亚铁片	
三九胃泰颗粒	
甲基睾丸素	
鸭跖草	
诺雷得	
植物碱	
复方鳖甲软肝片	
斯奇康	
左甲状腺素钠片	
健脾丸	
苯扎溴铵	
头孢匹罗	
卡维地洛	
气血双补丸	
代赭石	
珍芪降糖胶囊	
碳酸钙胶囊	
枣仁安神液	
导赤散	
男宝胶囊	
色胺	
地丁三味汤散	
欣康	
灌肠剂	
黄芪多糖	
麦司卡林	
八味石灰华丸	
风寒感冒颗粒	
地尔硫卓	
苦甘冲剂	
杆菌肽锌	
小柴胡冲剂	
司坦唑醇	
硝苯地平片	
脑活素	
复方蚂蚁活络胶囊	
双香豆素	
肌松药	
养阴清肺口服液	
足光粉	
甲基睾丸酮	
大黄素	
银黄口服液	
肤痒颗粒	
山绿茶	
丹栀逍遥丸	
强阳保肾丸	
石杉碱甲胶囊	
强力脑心康胶囊	
加味逍遥丸	
氯霉素注射液	
甘露聚糖肽口服溶液	
水杨酸钠	
牛黄降压丸	
康复新液	
芸香草	
邻氨基苯甲酸	
磷酸三钙	
肉桂油	
胆舒软胶囊	
银黄胶囊	
头孢呋辛酯片	
二硝基苯	
酮替芬	
止咳片	
甲钴胺	
消银胶囊	
碘甘油	
直接胆红素	
健脑胶囊	
王氏保赤丸	
麦角胺	
麝香酮	
盐酸吡格列酮	
抗胸腺细胞球蛋白	
七鞭回春乐胶囊	
双氯芬酸钠肠溶片	
盐酸美利曲辛	
秦皮	
茵栀黄口服液	
盐酸克林霉素	
大活络丹	
凝血活酶	
杨树花	
人工牛黄甲硝唑	
芪龙通络胶囊	
尼群地平片	
希舒美	
亚硫酸氢钠	
马来酸依那普利片	
头花蓼	
苦参素	
哌拉西林钠舒巴坦钠	
卡托普利片	
甘露消渴胶囊	
玉屏风口服液	
健儿清解液	
乳癖消片	
肠炎宁胶囊	
罗通定	
胡麻仁	
新癀片	
吲达帕胺	
口腔崩解片	
氯氮平片	
天麻片	
消渴安胶囊	
阿柔比星	
感冒止咳颗粒	
板蓝根片	
腰息痛胶囊	
加味八珍益母膏	
木竭胶囊	
小儿七星茶颗粒	
甘露糖醇	
芪仙补肾胶囊	
温郁金	
盐酸克仑特罗片	
舒肝健胃丸	
双黄连颗粒	
头孢西丁钠	
土贝母	
米力农	
愈创甘油醚	
止血散	
磺苄西林钠	
金贝痰咳清颗粒	
甲状腺球蛋白	
增溶剂	
甲氨蝶呤片	
生力胶囊	
奥扎格雷钠	
瑞芬太尼	
麻杏止咳片	
大青盐	
卡培他滨片	
麝香心脑通胶囊	
泼尼松龙	
十五味龙胆花丸	
清胃黄连丸	
沙美特罗	
磷酸酶	
消癌平口服液	
腺嘌呤核苷	
福尔可定	
猴头菌片	
复方甲氧那明胶囊	
虫草氨基酸	
肺宁胶囊	
盐酸小檗碱片	
感冒退热颗粒	
腰腿痛丸	
小通草	
海螵蛸	
甲苯胺	
二羟基丙酮	
罗红霉素片	
枸杞根	
肾元胶囊	
环孢素胶囊	
复方氢氧化铝片	
骨钙素	
磺胺多辛	
元胡止痛片	
十五味乳鹏丸	
冠心苏合丸	
抗妇炎胶囊	
通便灵	
左甲状腺素钠	
全鹿丸	
杆菌肽	
鲁南贝特	
肠炎宁颗粒	
清热解毒颗粒	
前列舒乐胶囊	
消旋卡多曲颗粒	
间羟胺	
视黄醛	
小红参	
回苏灵	
加味藿香正气丸	
葡萄糖酸钙锌口服溶液	
番木瓜碱	
参茸白凤丸	
跌打活血散	
合酶	
天王补心丸	
布洛芬混悬滴剂	
制附子	
阿莫西林克拉维酸钾片	
内切酶	
阿德福韦酯片	
水半夏	
腰痛宁胶囊	
依苏	
清宫寿桃丸	
白蔹	
金荞麦片	
健肾生发丸	
冬葵子	
头孢他定	
托吡卡胺	
大风子	
美满霉素	
中华跌打丸	
一清颗粒	
猫眼草	
枇杷叶膏	
复制酶	
小儿麻痹糖丸	
苯丙酸诺龙	
碳酸钙片	
博来霉素	
六神散	
扑尔伪麻片	
鼻炎灵	
消痞和胃胶囊	
一甲胺	
灯盏花素注射液	
人参首乌胶囊	
辛弗林	
抗肿瘤抗生素	
苦木	
硫唑嘌呤	
春雷霉素	
舒喘灵	
达菲林	
螺内酯片	
芭蕉根	
卡介菌纯蛋白衍生物	
埃索美拉唑	
昂丹司琼	
风寒感冒冲剂	
通脉养心丸	
感愈胶囊	
缬沙坦胶囊	
羧甲司坦	
复方鲜竹沥液	
厄贝沙坦胶囊	
葶苈草颗粒	
肉毒抗毒素	
润肠丸	
瓜子金	
七味螃蟹甲丸	
阿莫西林咀嚼片	
可拉明	
右芬氟拉明	
小青龙口服液	
阿德福韦酯胶囊	
朱砂莲	
通痹胶囊	
胸腺素	
卷曲霉素	
晕动片	
前列回春丸	
梓醇	
大观霉素	
硝酸咪康唑	
金鸡胶囊	
美扑伪麻片	
溴隐亭	
青霉素酶	
丁香叶	
苏合香	
磺胺噻唑	
麦角胺咖啡因	
银翘解毒胶囊	
散结灵胶囊	
鞣酸苦参碱胶囊	
牛黄消炎片	
穿心莲胶囊	
根霉	
兰索拉唑片	
红莲子	
罗珍胶囊	
枣仁安神颗粒	
无水亚硫酸钠	
头孢匹胺钠	
倍他米松	
斯皮仁诺	
白凡士林	
头孢美唑钠	
帕珠沙星	
白降丹	
翻白草	
青霉素钾	
希刻劳	
氨基苷类抗生素	
七氟醚	
蒎烯	
尿毒排析散	
二溴乙烷	
尼美舒利分散片	
四季感冒片	
硫酸氨基葡萄糖	
舒筋活血片	
感冒清热胶囊	
胃康胶囊	
盐酸西布曲明胶囊	
明目蒺藜丸	
丝裂霉素	
环丝氨酸	
复方消化酶胶囊	
复方利血平氨苯蝶啶片	
赖诺普利	
香砂六君丸	
黄芪注射液	
斯达舒胶囊	
那敏伪麻胶囊	
双黄连软胶囊	
鱼腥草素	
促黄体生成素	
氟伐他汀	
吴萸	
益肝明目口服液	
龙枣胶囊	
四消丸	
噻托溴铵	
阿胶补血口服液	
红霉素肠溶片	
对羟基苯甲酸乙酯	
养血补肾丸	
疏风定痛丸	
亮菌甲素	
苯巴比妥片	
果糖注射液	
追风透骨丸	
古汉养生精口服液	
青葙子	
美敏伪麻溶液	
山楂叶	
羧甲基纤维素	
抑素	
氨基乙酸	
抗凝血酶	
盐酸吖啶黄	
青霉胺	
氢溴酸右美沙芬片	
丙氨酸转氨酶	
西地碘片	
麝香抗栓丸	
牛蒡根	
黄体酮胶囊	
葡萄糖氯化钠	
葡萄糖酸钙口服溶液	
三唑仑片	
超氧化物岐化酶	
杏仁止咳糖浆	
糖醛酸	
氨基偶氮苯	
补骨脂素	
谷丙甘氨酸胶囊	
十一味甘露胶囊	
伊曲康唑胶囊	
济生肾气丸	
水杨酸甲酯	
头孢氨苄片	
雷公藤总萜片	
咳喘宁胶囊	
西罗莫司	
莫沙必利	
丙戊酸	
盐酸普鲁卡因	
苦地丁	
胃疡宁丸	
联苯双酯	
黑素体	
清浊益肾胶囊	
乌金口服液	
小儿化痰止咳颗粒	
木聚糖酶	
清心沉香八味丸	
消旋山莨菪碱	
参桂鹿茸丸	
益智温肾十味丸	
母丁香	
塞克硝唑	
当归散	
烷化剂	
清热消炎宁胶囊	
薄荷素油	
甲磺酸帕珠沙星	
泮托拉唑	
替考拉宁	
骨骼风痛片	
头孢克洛分散片	
养阴降压胶囊	
广藿香油	
强力天麻杜仲胶囊	
美加明	
小儿感冒片	
新乐敦	
普鲁卡因胺	
太阳神口服液	
葡萄糖苷	
头孢地尼	
麻杏止咳糖浆	
盐酸苯海拉明	
精制冠心软胶囊	
童参	
氟氯西林	
生脉饮口服液	
淫羊藿苷	
磷酸氢二钠	
来氟米特	
比索洛尔	
补肾填精丸	
痛风定片	
富马酸喹硫平片	
蛾贞胶丸	
小儿退热口服液	
小儿至宝丸	
香菊胶囊	
至宝三鞭丸	
头孢唑啉钠	
小活络丹	
固本咳喘胶囊	
促皮质激素	
六君子丸	
天麻钩藤饮	
马钱子碱	
阿昔洛韦片	
左氧氟沙星片	
白三烯	
川芎茶调散	
坎地沙坦酯片	
小儿咽扁颗粒	
利托那韦	
去甲乌药碱	
舒他西林	
肌苷片	
胃乃安胶囊	
二氢吡啶	
班布特罗	
善存银片	
胜红清热胶囊	
复方苦参注射液	
亚硝酸异戊酯	
阿胶颗粒	
晕海宁	
尼莫地平胶囊	
七味葡萄散	
参茸三肾胶囊	
他莫昔芬	
酚妥拉明	
葡萄糖酸钙片	
归芍地黄丸	
穿琥宁注射液	
风湿定胶囊	
盐酸曲美他嗪片	
骨筋丸胶囊	
神经元特异性烯醇化酶	
头孢吡肟	
扶正化瘀片	
布洛芬片	
四逆散	
硬脂醇	
寄生追风液	
阿胶补血膏	
益气消渴颗粒	
同仁安神丸	
甘利欣	
盐酸苯环壬酯片	
胃苏冲剂	
丹栀逍遥散	
养血生发胶囊	
马来酸罗格列酮片	
脑络通胶囊	
硫酸镁溶液	
六味安消胶囊	
腹可安片	
芸香甙	
去甲万古霉素	
雷贝拉唑	
天一止咳糖浆	
复方消化酶	
扶正化瘀胶囊	
红花黄色素	
复方青黛丸	
祖卡木颗粒	
消炎止咳片	
参地益肾口服液	
盐酸哌甲酯	
舒必利	
生蒲黄	
安神补脑片	
利鲁唑片	
酮酸	
戊巴比妥钠	
复合氨基酸	
红霉素片	
晶珠本草	
复方血栓通胶囊	
益智康脑丸	
骨疏康颗粒	
黄芪精口服液	
透明质酸钠凝胶	
长春碱	
洛哌丁胺	
增效联磺片	
桂枝茯苓丸	
严迪	
复方肝浸膏片	
活络止痛丸	
槟榔四消丸	
角鲨烯胶丸	
清火片	
固本强身胶囊	
湿毒清胶囊	
头孢地尼分散片	
西地碘含片	
宫血宁胶囊	
五味消毒饮	
灵仙跌打片	
甲基转移酶	
美洛西林	
那格列奈	
儿童清肺口服液	
取代基	
赤芍药	
肾上腺素受体激动药	
酮康唑洗剂	
阿司匹林泡腾片	
金骨莲胶囊	
小儿清肺化痰口服液	
二氢睾酮	
马来酸氯苯那敏片	
注射用盐酸甲氯芬酯	
痹痛宁胶囊	
升阳十一味丸	
布洛芬颗粒	
养血安神丸	
脑心舒口服液	
贝那普利	
甲氨喋呤	
头孢氨苄甲氧苄啶胶囊	
复方布洛伪麻缓释片	
清开灵胶囊	
痛风舒胶囊	
乙酰丙嗪	
苯磺酸氨氯地平	
锁阳补肾胶囊	
生长抑素	
鸦胆子	
冠脉通片	
羟乙基淀粉	
火把花根片	
地奥司明片	
大黄酚	
生精胶囊	
连翘败毒丸	
补血口服液	
七宝美髯丹	
血塞通分散片	
牛黄解毒软胶囊	
白果内酯	
乙肝灵胶囊	
鹿角片	
磷酸二氢钠	
二溴氯丙烷	
盐酸金霉素	
咪唑斯汀	
曲普瑞林	
儿童清肺丸	
小儿葫芦散	
冬凌草甲素	
宁心宝胶囊	
甲氰咪胍	
地塞米松片	
良附丸	
植物凝集素	
尼美舒利胶囊	
桑菊感冒颗粒	
地诺前列素	
虫草清肺胶囊	
甲氟喹	
气管炎丸	
消癌平片	
片姜黄	
黄萱益肝散	
哌拉西林舒巴坦	
二十五味松石丸	
小青龙合剂	
盐酸芬氟拉明	
胸苷激酶	
鼻炎宁胶囊	
龟鳖丸	
盐酸吗啡片	
蜡片	
田七补丸	
塞洛唑啉	
盐酸氨溴索片	
调经补血丸	
丹皮酚	
紫河车胶囊	
阿司匹林缓释片	
复方炔诺酮片	
溶血素	
固精丸	
槐角丸	
永盛合阿胶	
头孢丙烯	
炎琥宁注射液	
光果甘草	
沙奎那韦	
糖维胶囊	
同仁大活络丸	
氯丙咪嗪	
咳特灵片	
泛影葡胺	
恩拉霉素	
清热剂	
联苯苄唑乳膏	
平消胶囊	
养血荣筋丸	
表阿霉素	
雷诺考特	
碳酸钙颗粒	
壮腰补肾丸	
甲基黄嘌呤	
氨基比林咖啡因片	
养胃舒胶囊	
养血安神片	
硝西泮	
金乌骨通胶囊	
阿司咪唑	
伏格列波糖	
枸橼酸氯米芬	
西酞普兰	
木贼草	
索马杜林	
苯甲酸酯	
柏子养心丸	
颠茄合剂	
牛黄蛇胆川贝胶囊	
鹿茸洋参片	
替普瑞酮	
普乐安片	
次黄嘌呤	
蛇胆陈皮口服液	
加兰他敏	
氟康唑片	
血滞通胶囊	
龙血竭胶囊	
菊明降压丸	
依诺肝素	
穿心莲内酯滴丸	
新雪颗粒	
梧桐子	
枸橼酸铁铵	
头孢克肟分散片	
复明胶囊	
复方芦荟胶囊	
头孢匹胺	
珍珠活络二十九味丸	
美洛西林钠	
多潘立酮分散片	
扁豆衣	
复明片	
益身灵丸	
感冒清热软胶囊	
仙乐雄胶囊	
咳欣康片	
多聚甲醛	
奥扎格雷	
槐角苷	
胰高糖素	
玄明粉	
麦角固醇	
替莫唑胺	
双氯芬酸钠缓释片	
白屈菜	
拜阿司匹灵	
血塞通片	
阿莫西林片	
消旋卡多曲	
羟甲基糠醛	
二十五味余甘子丸	
拉贝洛尔	
唑来膦酸	
硝基甲苯	
七厘胶囊	
泰脂安胶囊	
雪胆胃肠丸	
枳术丸	
感冒止咳糖浆	
苯磺酸左旋氨氯地平片	
四季感冒胶囊	
左西替利嗪	
丝氨酸蛋白酶	
如意金黄散	
头孢克肟颗粒	
妇科十味片	
过氧苯甲酰	
大败毒胶囊	
羟丙基甲基纤维素	
新山地明	
普适泰片	
磺胺间甲氧嘧啶	
氨茶碱注射液	
来立信	
小儿消食片	
地氯雷他定	
夜尿宁丸	
肉桂酸	
清热解毒片	
龙胆紫溶液	
对乙酰氨基酚滴剂	
黄芩苷	
昆明山海棠	
阿拉斯加深海鱼油	
依托泊苷	
葡萄糖酸亚铁	
瓜霜退热灵胶囊	
甘油果糖	
硫酸沙丁胺醇片	
盐酸左旋咪唑	
复方杜仲健骨颗粒	
依巴斯汀	
吡喹酮片	
尼可刹米	
氯噻酮	
六味地黄	
甘露消毒丹	
麝香风湿胶囊	
二十味肉豆蔻丸	
环丙孕酮	
曲酸	
开胸顺气丸	
喜树碱	
利培酮片	
盐酸奈福泮片	
盐酸溴己新	
奥曲肽	
玉叶清火片	
纯阳正气丸	
头孢克洛颗粒	
甲芬那酸	
氯磺丙脲	
苯丙氨酸羟化酶	
羟丙基淀粉	
乙酰可待因	
低分子右旋糖酐	
碳酸酐酶	
鲨肝醇	
黄藤素片	
藻酸双脂钠片	
鼠曲草	
醋酸氢化可的松	
人凝血酶原复合物	
氯沙坦钾	
九味羌活丸	
大黄酸	
没食子酸	
盐酸多西环素	
丙硫氧嘧啶片	
炒葶苈子	
旧结核菌素	
泰利霉素	
盐酸氟哌噻吨	
清热解毒软胶囊	
二甲基苯胺	
金佛止痛丸	
复方杏香兔耳风胶囊	
消炎解毒丸	
磷酸果糖激酶	
枸橼酸钙	
抗菌消炎胶囊	
西司他丁钠	
小儿豉翘清热颗粒	
裂解酶	
秘诀清凉散	
温胃舒胶囊	
前列解毒胶囊	
对乙酰氨基酚片	
乙双吗啉	
红归胶囊	
元胡止痛滴丸	
石杉碱甲	
脑肽胶囊	
金水宝片	
磷酸哌喹	
硫酸链霉素	
海昆肾喜胶囊	
四妙丸	
铝尘肺	
头孢唑林钠	
橘红颗粒	
丙酯	
恩曲他滨	
健脾止遗片	
氯丙烯	
氯乙烷	
茶碱缓释片	
乳糖酸红霉素	
链激酶	
醋酸泼尼松龙	
二磷酸果糖	
乙基纤维素	
益津降糖胶囊	
薄荷喉片	
大明胶囊	
舒芬太尼	
甲硝唑阴道泡腾片	
肠胃宁片	
半乳聚糖	
加味藿香正气软胶囊	
司可巴比妥	
毛冬青	
桂龙咳喘宁	
罗红霉素缓释胶囊	
肾宁散胶囊	
毒蕈碱	
抗腿抽筋高钙片	
银黄清肺胶囊	
盐酸克林霉素胶囊	
节菖蒲	
泮托拉唑钠	
脑立清丸	
巴龙霉素	
骨刺消痛胶囊	
盐酸纳曲酮	
氯美扎酮片	
耳聋左慈丸	
柴胡滴丸	
清血八味胶囊	
地榆槐角丸	
复方氨维胶囊	
特子社复	
牛黄清火丸	
匹多莫德	
赖氨匹林	
藻酸双酯钠	
中风安口服液	
麝香草	
玄麦甘桔颗粒	
天胡荽愈肝片	
碳酸锂片	
重铬酸盐	
尿苷	
补肾益脑胶囊	
金羚感冒片	
紫檀香	
格列齐特片	
头孢氨苄颗粒	
八珍颗粒	
珍珠粉胶囊	
复方铝酸铋片	
瑞格列奈片	
小儿肠胃康颗粒	
盐酸氟桂利嗪胶囊	
心可舒片	
三七通舒胶囊	
小儿清热利肺口服液	
苯环利定	山梨糖	
丁卡因	
山柰酚	
依帕司他	
麝香草酚	
蔗糖酶	
洛索洛芬钠	
培美曲塞二钠	
香草酸	
聚维酮碘	
炔雌醇	
丁香油酚	
聚山梨酯	
酒石酸锑钾	
二甲硅油	
东茛菪碱	
氨基酸螯合钙	
左旋咪唑	
氯丙那林	
旋复花	
香子兰	
多奈哌齐	
羟丙基纤维素	
甲基吲哚	
头孢咪唑	
异环磷酰胺	
糜蛋白酶	
强电解质	
麦克罗辛	
桂利嗪	
儿茶酸	
头孢呋辛酯	
多巴丝肼	
卡前列素氨丁三醇	
磷酸	
苹果	
蛋糕	
牛奶	
面包	
豆腐	
萝卜	
巧克力	
点心	
火锅	
海鲜	
葡萄酒	
包子	
馒头	
羊肉	
柠檬	
香蕉	
淀粉	
酱油	
核桃	
饮用水	
鸳鸯	
青团	
米饭	
酸奶	
豆浆	
白糖	
方便面	
可口可乐	
乙醇	
红柿	
普洱茶	
西红柿	
茅台	
鱼类	
青梅	
丁香	
沙拉	
奶油	
石榴	
豆油	
奶酪	
青菜	
奶茶	
木耳	
生姜	
黄豆	
烤肉	
大肉	
洋葱	
娃哈哈	
香菇	
川菜	
海带	
五粮液	
鱿鱼	
山药	
橄榄油	
冬瓜	
果后	
韭菜	
纯净水	
狗肉	
甘露	
豆芽	
释迦	
比萨	
糖水	
香草	
泡菜	
铁观音	
鱼头	
鲜奶	
油条	
虾米	
稻谷	
粤菜	
香肠	
桔子	
花生油	
康师傅	
香菜	
鸡尾酒	
全聚德	
猪肝	
馄饨	
威士忌	
冷面	
面皮	
烧肉	
咖喱	
山鸡	
紫菜	
百事可乐	
米线	
黄油	
米粥	
乌龙茶	
烤箱	
猕猴桃	
家常菜	
果肉	
冰激凌	
米面	
三明治	
带鱼	
千张	
芭蕉	
生菜	
酥油	
肉干	
牛肉面	
煎饼	
清汤	
湘菜	
莱姆	
耗油	
海盐	
黑豆	
腊肉	
臭豆腐	
糖浆	
寸金	
柠檬汁	
白果	
天麻	
老酒	
富春	
花菜	
贵州茅台	
油茶	
雪梨	
布丁	
铁蛋	
杂碎	
咖啡豆	
红葡萄酒	
酒肉	
棉花糖	
杜康	
柑桔	
二锅头	
葡萄干	
莲藕	
凉粉	
梨子	
芥末	
芝士	
芦笋	
烤鱼	
麻辣烫	
水蜜桃	
培根	
炸食	
扣肉	
牛乳	
杏子	
凉菜	
茶汤	
核桃仁	
鸭肉	
草鱼	
满汉全席	
番茄酱	
干红	
伏特加	
酒酿	
甜瓜	
糙米	
火腿肠	
无花果	
牛肉干	
辣子	
黑森林	
三文鱼	
涮羊肉	
鱼丸	
水煮鱼	
龙井茶	
绿豆汤	
鹅肉	
碧螺春	
金枪鱼	
粉条	
乳猪	
肉末	
清酒	
奇异果	
白肉	
菜籽油	
意大利面	
牛油	
松风	
菱角	
墨鱼	
豆豉	
豆腐干	
猪血	
人参果	
驴肉	
金玉满堂	
油面	
葱段	
扇贝	
泸州老窖	
八宝饭	
凉皮	
山核桃	
洋河	
国珍	
哈密瓜	
鱼生	
脐橙	
红油	
红果	
西湖龙井	
大团圆	
红椒	
煮鸡蛋	
大红袍	
薏仁	
海红	
春卷	
驼峰	
西兰花	
伯顿	
狗不理	
椒盐	
里脊	
双鹤	
辣椒酱	
鳕鱼	
白茶	
黑米	
腊八粥	
酥油茶	
白鹅	
海蜇	
小酒馆	
鸭脖	
烤羊肉	
炒面	
生蚝	
金针菇	
椰树	
苏打水	
狮子头	
汤包	
银鱼	
起司	
芽菜	
剑南春	
冰峰	
螺蛳	
鹅肝	
豆皮	
杏花村	
鹿肉	
面筋	
过桥米线	
葡萄柚	
烤全羊	
解百纳	
甜酒	
香槟酒	
鲁菜	
白葡萄酒	
蛋卷	
冰糖葫芦	
花糕	
罗汉果	
重庆火锅	
炸酱面	
鹌鹑蛋	
莴笋	
辣椒粉	
肉粥	
豆汁	
礼记	
孜然	
吐司	
牛尾	
豆腐脑	
火龙果	
动物油	
鱼子酱	
西芹	
白粥	
黑松	
松茸	
烧鹅	
啫喱	
龙丹	
薄饼	
山竹	
沙拉酱	
湘莲	
蒜苗	
牛扒	
八宝粥	
牛骨	
凤爪	
芭乐	
牛鞭	
花生仁	
绿豆芽	
曲酒	
青果	
肠粉	
通心粉	
古井贡	
羊排	
泡馍	
冬枣	
回锅肉	
糕饼	
保健茶	
酸梅汤	
苦丁茶	
调和油	
卤味	
蛋挞	
牛杂	
赤豆	
馍馍	
肥肠	
葡萄汁	
黑胡椒	
张记	
爆肚	
锅贴	
小馒头	
眼肉	
烤羊肉串	
蔬菜汤	
炒米	
辣汤	
糌粑	
茭白	
花卷	
浆水	
茼蒿	
黑茶	
酒精饮料	
蒜蓉	
酸菜鱼	
烧心	
提拉米苏	
果佳	
糯米饭	
开口笑	
白豆	
炖肉	
百页	
武昌鱼	
苞米	
米果	
土豆泥	
小茴香	
蓝带	
金耳	
马肉	
鸭脖子	
草菇	
苹果醋	
面鲜	
发菜	
蜜柑	
肉夹馍	
羊肉汤	
奶油蛋糕	
板鸭	
牛皮糖	
芬达	
肉骨头	
龙眼肉	
凉面	
安格斯	
抓饭	
竹荪	
太子奶	
糍粑	
刀削面	
白切	
蒸饺	
燕麦片	
石斑鱼	
紫竹林	
驴打滚	
青茶	
芸豆	
道酒	
花蛋糕	
菠萝蜜	
麦饭	
压缩饼干	
麻婆豆腐	
东来顺	
徽菜	
金菊	
白胡椒	
方糖	
干白	
雪团	
比目鱼	
粉皮	
包面	
热干面	
糖粉	
茶饼	
古越龙山	
顶呱呱	
牛柳	
伊力特	
餐包	
平菇	
鱼香肉丝	
芝士蛋糕	
羊杂	
果蔬汁	
沱茶	
青木瓜	
烧麦	
番石榴	
米糕	
牦牛肉	
金桔	
米皮	
甜甜圈	
甜面酱	
脱脂牛奶	
鱼罐头	
水果沙拉	
辣子鸡	
羊肉泡馍	
五香粉	
泡芙	
三道茶	
桂林米粉	
覆盆子	
薄荷叶	
黄花鱼	
菜豆腐	
蓝城	
朗姆酒	
奶汤	
金华火腿	
烤乳猪	
东坡肉	
鱼露	
炒栗子	
糖醋排骨	
汇泉	
佛跳墙	
咸亨	
沙士	
阳春面	
鲥鱼	
稻花香	
叉烧包	
香辣蟹	
鸡杂	
速溶咖啡	
老边	
西冷	
巧克力蛋糕	
便宜坊	
冰沙	
野猪肉	
苹果派	
龟苓膏	
猴头菇	
酸辣粉	
豆腐乳	
龙虎斗	
牛肉片	
长豆	
莼菜	
鱿鱼丝	
慕斯	
豆腐汤	
玉兰片	
锅盔	
虾球	
两张皮	
牛肉丸	
椰奶	
非常可乐	
香蕉船	
绿豆糕	
毛肚	
锅边	
卡赛	
三得利	
文昌鸡	
皮蛋瘦肉粥	
干丝	
金威啤酒	
黄面	
蛋黄派	
姜糖	
奶皮	
白肚	
绿豆粥	
花椒粉	
云雾茶	
虾饺	
黑椒	
米茶	
粉蒸肉	
豆腐花	
松糕	
拉条	
红烧鱼	
杏花楼	
转面	
莜面	
诺丽	
烤地瓜	
甜汤	
醪糟	
梭子蟹	
大盘鸡	
甜茶	
盐水鸭	
珠江啤酒	
春饼	
杏核	
汤类	
辣白菜	
酸汤鱼	
广州酒家	
黄山毛峰	
爱尔兰咖啡	
耳朵眼	
云吞面	
狗不理包子	
猫耳朵	
白灼	
肉罐头	
嘉吉	
糖炒栗子	
韭黄	
谭鱼头	
南美白对虾	
煎饼果子	
麦片粥	
沙枣	
花根	
金酒	
玉米饼	
金种子	
担担面	
蒸馏酒	
宫保鸡	
茶树菇	
锦芳	
浓缩果汁	
米糖	
串串香	
牛肝菌	
西湖醋	
玫瑰果	
牛舌	
豆沙包	
陶然居	
西湖醋鱼	
咖喱粉	
烤羊腿	
宫保鸡丁	
马奶酒	
广东菜	
沙田柚	
黑啤酒	
毛桃	
湖南菜	
卤蛋	
鱼火锅	
猪大肠	
热酒	
灌汤包	
长寿面	
丰泽园	
红橙	
香飘飘	
米豆腐	
鲜橙多	
桃酥	
红烧牛肉	
复原乳	
酸辣汤	
紫苏叶	
夫妻肺片	
芋泥	
叫化鸡	
血肠	
啤酒鱼	
老婆饼	
荞面	
闽菜	
紫米	
白斩鸡	
调味酱	
夹心饼干	
圣女果	
话李	
蘑菇汤	
炸子鸡	
炒肉丝	
杭帮菜	
烧茄子	
秦妈	
雪里蕻	
剁椒鱼头	
麻饼	
郫县豆瓣	
鹅肝酱	
美露	
蛋黄酱	
孔府家	
脱脂奶粉	
擂茶	
酥肉	
葱油饼	
火宫殿	
麻辣牛肉	
中台湾	
杭州菜	
黄茶	
南瓜饼	
得月楼	
沧浪亭	
五芳斋	
大白兔奶糖	
牛油果	
手抓羊肉	
椰子汁	
四川火锅	
米仁	
黄板	
蚵仔煎	
粉丝汤	
高粱米	
塔牌	
帝亚吉欧	
馓子	
甜酱	
韭菜花	
白胡椒粉	
鳄梨	
渠江	
苏菜	
面窝	
龙抄手	
白切鸡	
毛血旺	
豆乳	
浙菜	
苏打饼干	
乳酸菌饮料	
贻贝	
肋排	
香蒜	
面茶	
卤面	
信阳毛尖	
灯影牛肉	
冰粉	
红烧排骨	
白兰地酒	
鸭肝	
旭日升	
饵块	
花雕酒	
强果	
炸豆腐	
仿膳	
海带丝	
燕窝粥	
大面包	
马提尼	
云腿	
虾池	
杏仁饼	
优酸乳	
老豆腐	
萝卜丝饼	
竹筒饭	
味源	
油糕	
铜锣烧	
粉汤	
臊子面	
蒸面	
班他	
红豆汤	
豌豆黄	
鸭血粉丝	
达仁堂	
打糕	
小馄饨	
三不沾	
威林	
鸡粥	
甜果	
酸豆	
菜根香	
罗宋汤	
君山银针	
烧豆腐	
扯面	
梅花糕	
凉虾	
鸭腿	
香辣虾	
杏仁露	
白灵菇	
吞拿鱼	
王老吉凉茶	
金星啤酒	
烩菜	
沸腾鱼	
贾三	
菜合	
饺子宴	
知味观	
萝卜糕	
小笼包子	
列巴	
酸橙	
椰枣	
焦圈	
百香果	
麻辣牛肉干	
水果蛋糕	
牛肉饼	
银耳汤	
烤鱼片	
莲香楼	
拌黄瓜	
南瓜汤	
鲜荔枝	
奶渣	
汽锅鸡	
迎宾楼	
糯米糍	
烧白	
牛宝	
黄河鲤鱼	
酿豆腐	
都一处	
鱼头火锅	
法香	
白刀子	
川断	
贡菜	
乳扇	
海鲜汤	
德国啤酒	
鱼汁	
椰蓉	
凤尾鱼	
酿皮	
君乐	
糯米团	
大卫杜夫	
蒸糕	
广式月饼	
扒肉	
草莓酱	
木瓜牛奶	
蚂蚁上树	
五凤楼	
红烧狮子头	
法餐	
库尔勒香梨	
虾饼	
山东菜	
龙须面	
面包糠	
醉蟹	
炒米粉	
狗肉火锅	
肉火烧	
姬松茸	
卡布基诺	
卤牛肉	
重阳糕	
龙井虾仁	
鸡枞	
牛百叶	
松鹤楼	
砂锅鱼	
棒棒鸡	
凤凰展翅	
麻辣小龙虾	
速溶茶	
炖羊肉	
牛奶咖啡	
乳酪蛋糕	
农夫果园	
糖蒜	
钟水饺	
营养快线	
科飞	
婚礼蛋糕	
烧羊肉	
红毛丹	
苦艾酒	
德州扒鸡	
葫芦头	
弥猴桃	
径山茶	
决明子茶	
糖桂花	
糖饼	
羊肉火锅	
水煮牛肉	
鱼包	
水煮肉片	
羊杂碎	
朝鲜冷面	
大麻花	
荷叶粥	
甜菊糖	
土豆饼	
老火靓汤	
刺玫瑰	
红碎茶	
贵妃鸡	
白蘑	
鱼松	
粉果	
文旦	
冷锅鱼	
热奶茶	
老火汤	
网清茶	
油葵	
螺蛳粉	
巧果	
红菇	
驴肉火烧	
蒜子	
山楂糕	
花生汤	
平遥牛肉	
鸡蛋糕	
意大利美食	
六堡茶	
醉鸡	
腊汁肉	
枸杞茶	
宣威火腿	
杂粮面	
草莓奶油蛋糕	
鸿宾楼	
老鸭煲	
龙须菜	
水煎包	
狗肉汤	
银鳕鱼	
灵芝茶	
鱼香茄子	
毋米粥	
四喜丸子	
花生糖	
糯米粥	
水发海参	
羊羔肉	
酸莓	
牛里脊	
肥肠粉	
麻辣豆腐	
三花酒	
小米饭	
越桔	
森参	
夏威夷果	
鸡仔饼	
鲜奶蛋糕	
奶干	
蛇羹	
紫甘蓝	
啤酒鸭	
汤元	
巧克力奶	
羊肉粉	
冰糖燕窝	
老边饺子	
麻油鸡	
红薯干	
梅菜扣肉	
番茄鸡蛋	
淡奶油	
晒青毛茶	
焖大虾	
兰州牛肉面	
香辣鸡	
三杯鸡	
酸鱼	
拉条子	
肴肉	
糖醋里脊	
本地鸡	
蘑菇罐头	
辣椒干	
桃花面	
咖喱牛肉	
凉糕	
家常豆腐	
燃面	
荔枝肉	
核桃酥	
新奥尔良烤翅	
香糕	
艇仔粥	
慕尼黑啤酒	
煎堆	
红烧牛肉面	
金包银	
地三鲜	
滑肉	
冰淇淋蛋糕	
倒巴	
小葱拌豆腐	
拍黄瓜	
泮溪	
涪陵榨菜	
老四川	
酱板鸭	
油炸臭豆腐	
水晶粉	
马蹄糕	
黑森林蛋糕	
荷叶饼	
独品	
临安山核桃	
炒土豆丝	
青椒肉丝	
沾化冬枣	
李杏	
香酥鸡	
麻辣香锅	
可浓	
菠萝包	
口水鸡	
荔浦芋	
东坡肘子	
蓼花	
烧汁	
西多士	
杨梅罐头	
十全大补汤	
养生汤	
北台湾	
罐茶	
起司蛋糕	
吐鲁番葡萄	
果丹皮	
考维	
萨拉米	
乐蟹	
老黄瓜	
五香牛肉	
沙河粉	
乳饼	
洛阳水席	
油焖大虾	
小绍兴	
天福号	
蛋白混合饮料	
巴旦杏	
小豆芽	
七子饼茶	
洞庭碧螺春	
思朗	
炸猪排	
冰皮月饼	
老卤	
台茶	
烤包子	
松肉	
饵丝	
切糕	
辣子鸡丁	
苔菜	
山楂果	
西红柿炒蛋	
松鹤延年	
合梅	
光饼	
酱鸡	
李连贵	
低筋面粉	
酱肉丝	
红烧猪蹄	
陈麻婆	
奥德曼	
拿铁咖啡	
生煎包	
车仔面	
绿橙	
糊辣汤	
炒白菜	
杏仁豆腐	
拉肠	
杭州龙井	
车厘子	
庐山云雾茶	
干啤	
羊杂汤	
巧克力派	
道口烧鸡	
宜良烤鸭	
糯米鸡	
香草蛋糕	
艾窝窝	
牛羊肉泡馍	
蛋散	
砂锅鱼头	
咖啡糖	
白兰瓜	
屯绿	
喜立	
果冻布丁	
拉萨啤酒	
裹蒸粽	
赖汤圆	
香酥鸭	
蒸箱	
灌汤包子	
南北杏	
云片糕	
黑米粥	
丝娃娃	
牛水	
红魔鬼	
土笋冻	
荷兰水	
兰花茶	
煮干丝	
西施舌	
焖笋	
猴头蘑	
姜母鸭	
京酱肉丝	
绿豆饼	
铁板鱿鱼	
肉燕	
桔饼	
万三蹄	
奶油芝士	
2馨华	
天津包子	
千层糕	
肠旺面	
泮溪酒家	
太阳饼	
神秘果	
红曲米	
泉水鸡	
燕皮	
四川泡菜	
益力多	
腰片	
杨梅干	
黄桃罐头	
锅包肉	
曲奇饼干	
蟹黄汤包	
炒豆腐	
花江狗肉	
风干牛肉	
可乐鸡翅	
薏米仁	
鸡纵	
虾籽	
正阳楼	
康师傅冰红茶	
春蕊	
奶酪蛋糕	
沙茶面	
鱼饺	
芙蓉糕	
黑瓜子	
西安饭庄	
赛百味	
生煎馒头	
肚片	
甜酒酿	
油面筋	
油泼辣子	
挂炉烤鸭	
法棍	
砍三刀	
瓜酒	
酸奶子	
豪坊	
红烧鲤鱼	
卷粉	
耳朵眼炸糕	
美国菜	
籽瓜	
红豆粥	
八宝鸭	
葡式蛋挞	
酒心巧克力	
酸辣土豆丝	
虾面	
月桂叶	
兴隆咖啡	
松鼠桂鱼	
伊府面	
番茄蛋汤	
烤馕	
乌江鱼	
仿膳饭庄	
玫瑰糖	
桂发祥	
猪膘肉	
杨裕兴	
哥伦比亚咖啡	
海绵蛋糕	
串烤肉	
榴莲酥	
手撕牛肉	
油炸糕	
萨其马	
鱿鱼卷	
川北凉粉	
抱罗粉	
十八街麻花	
色果子	
钵钵鸡	
牛板筋	
果粒茶	
奶皮子	
冬瓜条	
社饭	
大救驾	
樟茶鸭	
韭花	
水果派	
烟熏排骨	
豌豆粉	
金糕	
慕斯蛋糕	
搅团	
油梨	
鲤鱼汤	
炸丸子	
陈麻婆豆腐	
都匀毛尖	
礼饼	
酒酿圆子	
蟹粉小笼	
银丝面	
盐蛋	
鲜鱼肉	
生菜包	
忌廉汤	
灰豆	
酸白菜	
炸排骨	
烤茶	
炸两	
克瓦斯	
东江菜	
江苏菜	
五香花生	
麻薯	
卤鸡蛋	
油爆虾	
乌毡帽	
锅巴菜	
蒜泥白肉	
萝卜泡菜	
春蚕吐丝	
及第粥	
调味油	
味好美	
喜鹊登梅	
老正兴	
清蒸鲈鱼	
炒疙瘩	
三鲜汤	
过油肉	
麻球	
肉类罐头	
糖醋鲤鱼	
凤梨罐头	
素火腿	
韩包子	
脆皮鸡	
韭菜盒	
蒙顶茶	
赤鳞鱼	
伯爵茶	
嘉兴粽子	
麻糍	
毛肚火锅	
焗饭	
仁用杏	
肉棕	
玉米汤	
小扁豆	
三鲜面	
葱烧海参	
八珍糕	
马苏里拉	
西湖莼菜	
老友粉	
砀山梨	
咖哩鸡	
乳酒	
蝴蝶面	
焦糖布丁	
糖醋小排	
绿苹果	
聚春园	
锥栗	
绿波廊	
珍露	
焖子	
耗子洞	
手撕鸡	
雕梅	
龙翅	
狮峰龙井	
雪菜肉丝	
福建乌龙	
同和居	
麻食	
油酥饼	
乌鱼蛋	
蚵仔面线	
开水白菜	
炸春卷	
酸牛乳	
黄桥烧饼	
伊牛	
馄饨侯	
面线糊	
烘糕	
菠萝罐头	
熟菜油	
烧肉粽	
宋嫂鱼羹	
鲍鱼菇	
玉楼东	
干巴菌	
班戟	
方便米粉	
杏肉	
咕噜肉	
马肉米粉	
沙翁	
南京盐水鸭	
戚风蛋糕	
海棠糕	
小圆面包	
白肉血肠	
腌腊肉	
三丁包	
坛子肉	
洋葱汤	
荷叶粉蒸肉	
老友面	
番茄炒鸡蛋	
九转大肠	
香辣鸡翅	
松江鲈鱼	
枸杞粥	
麦香鱼	
油炸鬼	
花生酥	
护国寺小吃	
夹心蛋糕	
海棠果	
叉烧酥	
干煸四季豆	
血糕	
珍珠丸子	
烧鹅仔	
紫菜蛋花汤	
浆水面	
卤豆腐	
薄皮包	
盐酥鸡	
松露巧克力	
聚福楼	
白吉馍	
叶儿粑	
蚁酒	
炸土豆片	
南泌	
排骨年糕	
粉鱼	
酸辣鱼	
湛江鸡	
芝麻糕	
千层酥	
厚德福	
鱼皮花生	
鸭血汤	
南京板鸭	
牛肉羹	
米粉肉	
栗子肉	
栗子蛋糕	
捆蹄	
和其正	
蛋黄酥	
蜜麻花	
鱼头豆腐汤	
奎元馆	
人心果	
红薯粉丝	
柳泉居	
炭烧咖啡	
第一春	
五芳斋粽子	
水晶饼	
清炒虾仁	
萨其玛	
小熊饼干	
烤兔肉	
德发长	
猪肠粉	
血糯米	
锅饼	
桶子鸡	
台蘑	
星冰乐	
羊肉烩面	
面片汤	
金华酥饼	
鸡蛋仔	
红龟	
荷叶饭	
中国劲酒	
云腿月饼	
大煮干丝	
马拉糕	
菜煎饼	
老八大	
土豆炖牛肉	
豆面糕	
孝感麻糖	
炒饵块	
樱桃肉	
奶油泡芙	
岐山臊子面	
三鲜豆皮	
炒萝卜	
西印度樱桃	
李连贵熏肉大饼	
板豆腐	
丝袜奶茶	
糖火烧	
龙须糖	
小笼馒头	
汤羊	
植物饮料	
安徽菜	
铁板牛肉	
甩饼	
白灼虾	
挤花	
好清香	
醋溜白菜	
烧肘子	
上海老饭店	
酥锅	
绿柳居	
玄明粉	
清蒸武昌鱼	
东北酒	
毛叔	
油旋	
金杏	
炖狗	
蒸水蛋	
罗勒叶	
芥末粉	
秀珍菇	
玫瑰露酒	
维也纳咖啡	
煎鹅肝	
素菜包	
冰糖莲子	
水晶肘子	
西芹百合	
江米条	
皇家咖啡	
糯米粑粑	
扒糕	
鲜肉包	
农家茶	
粉蒸排骨	
干烧鱼	
干炒牛河	
红薯粥	
烤大虾	
青岛纯生	
蒙古烤肉	
三不粘	
片儿川	
山楂水	
酱黄瓜	
白肠	
五加皮酒	
蓝莓蛋糕	
肉松面包	
拔丝苹果	
五香豆腐干	
黑樱桃	
蔬菜饼干	
鱼鲞	
黄糕	
乔家栅	
云针	
方糕	
骨牛排	
羊肉粥	
爆腰花	
中华猕猴桃	
肇庆裹蒸	
花生糕	
黑椒牛柳	
芡实糕	
新奥尔良烤鸡腿堡	
盛记	
拌海蜇	
五花茶	
竹节虾	
冰激凌蛋糕	
白糖糕	
香酥饼	
臭鳜鱼	
口味蛇	
天下第一鲜	
芋头糕	
海蛎煎	
松仁玉米	
麦香鸡	
炸鸡排	
打油茶	
耗儿鱼	
红醋栗	
泽合	
南翔小笼包	
车轮饼	
羊角面包	
清平鸡	
粉利	
比利时巧克力	
抗浪鱼	
椒麻鸡	
煮饼	
秦椒	
连雾	
黄金角	
肉片汤	
豆芽汤	
酱羊肉	
烤豆腐	
海带结	
炒凉粉	
皮蛋糕	
三大炮	
松鼠鳜鱼	
美禄	
纸包鸡	
腊味合蒸	
恋爱豆腐	
英国菜	
杏汁	
山东煎饼	
庆丰包子铺	
芙蓉蛋	
老北京鸡肉卷	
豆花面	
胶东菜	
黄泥螺	
槐茂酱菜	
宴春	
鲜肉月饼	
凉拌豆腐	
太仓肉松	
九龙斋	
咸蛋蒸肉饼	
圣嘉	
熏肠	
蜜汁叉烧	
酿皮子	
葱饼	
浆面条	
岐山面	
炸响铃	
梨脯	
冒菜	
广式点心	
蚝油牛肉	
万和春	
栗子糕	
生姜羊肉汤	
辣子面	
黑松沙士	
恋爱豆腐果	
武汉热干面	
西湖藕粉	
冷啖杯	
巧克力慕斯	
腊羊肉	
花雕鸡	
土耳其咖啡	
泰和乌鸡	
拨鱼	
夏威夷果仁	
芦笋罐头	
清汤鱼	
凉拌海带	
清汤牛肉面	
风味小炒	
贾三灌汤包	
核桃糕	
谢村黄酒	
葫芦鸡	
芝麻汤圆	
白水羊头	
劲爆鸡米花	
沔阳三蒸	
葱爆羊肉	
八公山豆腐	
泰山三美	
卤鸭翅	
甑糕	
卤水拼盘	
威化饼干	
津威	
薄皮包子	
果汁软糖	
茯苓饼	
盲公饼	
柿叶茶	
怪味鸡	
蛙鱼	
卷煎	
薏米粉	
崂山啤酒	
一口酥	
咀香园	
松露菌	
玫瑰饼	
泡凤爪	
黄桂稠酒	
墨西哥鸡肉卷	
幸福双	
福建菜	
核桃奶	
椒盐虾	
周村烧饼	
胡萝卜粥	
颐之时	
油炸果	
麻芝	
烘山芋	
奶酪魏	
千层油糕	
石子馍	
婺绿	
芸豆卷	
薄荷糕	
母子相会	
揪片	
农夫茶	
燕喜堂	
锅盖面	
毛家红烧肉	
水晶虾饺	
胡椒饼	
日本酱油	
菊花糕	
哈尔滨红肠	
红油抄手	
红薯粉条	
建新园	
葱油鸡	
糖不甩	
合川桃片	
黄山毛峰茶	
风猪	
南翔馒头	
清炖蟹粉狮子头	
伤心凉粉	
粉饺	
豌豆黄儿	
蚝油生菜	
清蒸鲥鱼	
雪花糕	
鸡丝凉面	
猪肚包鸡	
猪骨煲	
燕云楼	
炒丝瓜	
农家小炒肉	
定胜糕	
奶油炸糕	
毛氏红烧肉	
土豆烧排骨	
滇红茶	
西湖牛肉羹	
波波糖	
小麦啤酒	
喜鹊登枝	
君山银针茶	
菊花火锅	
麻辣子鸡	
白啤酒	
椰子糕	
芝麻酥	
糯米丸子	
豆花鱼	
炒鳝糊	
火爆腰花	
黄金堡	
盐饼	
干煸牛肉丝	
豆腐圆子	
家常面	
酥性饼干	
苞谷酒	
八宝鸡	
天目笋干	
栗子鸡	
酸辣面	
竹筒茶	
卤水鹅掌	
响铃儿	
炸馓子	
烤鸡肉串	
牙签肉	
圪坨	
东安鸡	
太爷鸡	
仙人掌果	
香竹饭	
鲮鱼罐头	
豆腐丸子	
秦镇凉皮	
排骨酥	
香甜酒	
豆沙月饼	
英德红茶	
镜糕	
泥鳅钻豆腐	
米冻	
炒南瓜	
桂花糯米藕	
四季柚	
甜醅	
米灌肠	
杠子头	
萨琪玛	
京八件	
桑寄生茶	
玉米饭	
火腿月饼	
慕思蛋糕	
玉米馒头	
油馍	
牛肉馅饼	
秋禾	
绿杨村	
涮牛肚	
虫茶	
五香茶叶蛋	
天下第一菜	
麻酥糖	
银鱼干	
冻糕	
蒸南瓜	
桂花糖藕	
东北乱炖	
龙须酥	
龙虾汤	
醋溜鱼	
眼镜面	
信阳毛尖茶	
太师饼	
拔丝地瓜	
鸡肉饼	
冰片糖	
红焖肉	
水晶肴肉	
香辣鸡腿堡	
五柳鱼	
吴裕泰茶庄	
烟熏三文鱼	
酥油饼	
桂发祥麻花	
健美茶	
紫光液	
白云猪手	
稻香春	
云猪手	
苹果脯	
炒螺蛳	
冻米糖	
清炖羊肉	
粉汤饺子	
阿里山高山茶	
盱眙小龙虾	
凌云白毫	
海鲜拼盘	
西班牙海鲜饭	
比利时啤酒	
羊肉汤锅	
豆腐面	
兰花根	
鱼肉肠	
鲫鱼豆腐汤	
金枪鱼沙拉	
沙朗牛排	
客家酿豆腐	
天使蛋糕	
粽子糖	
蛋烘糕	
欧式蛋糕	
拔丝山药	
锦芳小吃店	
手撕包菜	
冰拿铁	
清蒸桂鱼	
白辣椒	
三丁包子	
鲤跃龙门	
金丝蜜枣	
樊记腊汁肉	
香茅草烤鱼	
烧鱼头	
响油鳝糊	
虎皮尖椒	
金巴利	
稍美	
三套鸭	
凉拌苦瓜	
猪血丸子	
牦牛火锅	
碣滩茶	
臭桂鱼	
庐山石鱼	
炒西兰花	
鲜肉小笼	
白菜豆腐汤	
枣泥糕	
韭菜包	
临潼石榴	
松子鱼	
陈皮牛肉	
豆豉鱼	
鸿起顺	
炒玉米	
太谷饼	
火晶柿子	
蜂糕	
老椰	
吹肝	
肉汤圆	
肉馕	
盐煎肉	
咖喱饺	
卷筒粉	
三鲜馄饨	
焖饼	
皇岭	
绍兴腐乳	
涌溪火青	
碗仔翅	
炉鸭	
拆烩鲢鱼头	
辣椒仔	
凯撒沙拉	
鼎湖上素	
奶油饼干	
虫草鸭	
樟茶鸭子	
水果塔	
云南咖啡	
朱鸿兴	
门钉肉饼	
韭菜合子	
蜜汁梨球	
鲜饼	
萝卜牛腩	
粉蒸牛肉	
小绍兴鸡粥	
武夷山岩茶	
酸辣白菜	
川芎茶	
天兴居	
酒酿饼	
中华药膳	
花草堂	
新丰小吃	
蜜番茄	
东安子鸡	
阿拉伯咖啡	
珍珠圆子	
平水珠茶	
丁香粉	
庐山石鸡	
方便粥	
清汤柳叶燕菜	
牛油面	
马祥兴	
玫瑰酥	
兔头煲	
手抓面	
滇绿	
砂锅饭	
酸辣豆花	
三合泥	
纳仁	
炒豌豆	
君之薇	
栗子粥	
肉末烧饼	
腊八豆腐	
油塔子	
海带排骨汤	
荔枝罐头	
爆炒腰花	
芦荟酒	
台湾青枣	
京式月饼	
单县羊肉汤	
栗子球	
电解质饮料	
叫化童鸡	
糟鸭	
肉夹饼	
冬果梨	
蛎饼	
糖耳朵	
炒面片	
咸煎饼	
蛇餐馆	
白切狗	
油馓子	
银包金	
黑胡椒碎	
生姜粉	
雪蛋	
六必居酱菜	
大叶乌龙	
金钱肉	
锅巴肉片	
无锡水蜜桃	
美味牛肉	
古老肉	
午子仙毫	
蝴蝶酥	
油醋汁	
思乐冰	
炒时蔬	
姜奶	
炸虾饼	
水果鸡	
茯苓糕	
马家烧麦	
鼎边糊	
双皮刀鱼	
香蕉蛋糕	
宫饼	
六必居酱园	
锅贴饺	
胡麻饼	
原壳鲍鱼	
沸腾可乐	
礼品蛋糕	
脆皮乳鸽	
鱼汤面	
鲤鱼焙面	
煌佳	
朝天锅	
雪顶咖啡	
沙棘黄	
炒小白菜	
巧克力奶茶	
番薯糖水	
登瀛楼	
水产罐头	
悠泡水	
大刀面	
高邮咸鸭蛋	
鲜鸡汤	
清蒸甲鱼	
太平燕	
盐局鸡	
豌豆面	
霉干菜烧肉	
拔丝香蕉	
一品豆腐	
鸡鸭血汤	
锅边糊	
烧鱿鱼	
红薯饭	
大树菠萝	
葛记	
瑞士卷	
蜜三刀	
怪味胡豆	
闪子	
大叶芹	
草粿	
方豆腐	
葱烤鲫鱼	
鲜肉包子	
软儿梨	
酥油糌粑	
姜汁啤酒	
肉松卷	
果仁张	
二姐兔丁	
麻圆	
粟米粥	
豆酥糖	
洛神花茶	
红烧牛腩	
西樵大饼	
红酒醋	
清蒸白鱼	
湖南腊肉	
炸元宵	
甜奶油	
柠檬糖	
松仁小肚	
菊花酥	
蚕豆粉	
肴驴肉	
沙米粉	
西瓜鸡	
广东粽子	
马蹄酥	
软炸里脊	
小酥肉	
古月胡	
火边子牛肉	
豆焖饭	
槽子糕	
小卷粉	
烧饵块	
南翔小笼馒头	
冰之恋	
东江盐焗鸡	
紫糯米	
王四酒家	
冷粉	
珠兰花茶	
大卤面	
乳茶	
馓子麻花	
小青椒	
明溪肉脯干	
深州蜜桃	
爆炒鱿鱼	
红烧鱼块	
永和园	
上校鸡块	
莜面栲栳	
糖卷果	
酸汤水饺	
蛋奶酥	
麦芽茶	
炒鸡丝	
酥火烧	
早餐饼	
盘飧市	
壹条龙	
油焖春笋	
烧萝卜	
景扬楼	
咖哩牛肉	
椰酱	
茶馓	
韧性饼干	
绿茶蛋糕	
虾爆鳝面	
黑椒牛扒	
袜底酥	
土豆烧肉	
沙棘汁	
山楂饼	
沙茶牛肉	
海城馅饼	
如意卷	
三鲜水饺	
什锦豆腐	
咸鱼饼子	
葱油面	
水盆羊肉	
溜肝尖	
荷叶鸡	
巧克力奶昔	
冰泉豆浆	
糖醋白菜	
酱椒鱼头	
状元及第粥	
杏皮水	
邮亭鲫鱼	
珍珠汤	
罗汉肚	
三合汤	
包谷粑	
酸菜牛	
菊花锅	
豆沙糕	
蚝仔煎	
聚丰德	
萧山萝卜干	
套四宝	
印糕	
雀巢淡奶油	
椒盐排骨	
哲司	
泡椒墨鱼仔	
腊味煲仔饭	
麻辣兔头	
酥合	
烤小猪	
伦教糕	
糯米糖藕	
翡翠豆腐	
五一饭店	
酸菜牛肉	
蟠龙菜	
四川榨菜	
可可果	
广州星群	
仙人掌茶	
豌豆糕	
芥末墩儿	
上杭萝卜干	
肉燕皮	
冰糖湘莲	
西瓜盅	
莲子糕	
石磨豆花	
豆花米线	
糖醋带鱼	
华夫饼干	
俄罗斯菜	
刷把头	
贾三灌汤包子	
羊腥汤	
特级橄榄油	
葱包桧	
萝卜饼	
扒海参	
牛肉泡馍	
刈包	
九里飘香	
青海带	
秦镇米皮	
蒸熊掌	
长汀豆腐干	
洋姑娘	
泡椒牛蛙	
老半斋	
荠菜饺	
杂糖	
灌汤小笼包	
赣南小炒鱼	
长春卷	
鸡豆花	
低醇啤酒	
雷州狗肉煲	
西红柿牛肉汤	
煎酿三宝	
芙蓉汤	
粿汁	
干蒸烧卖	
石家饭店	
野味火锅	
眉毛酥	
羊柳	
温泉蛋	
龙眼包子	
得莫利炖活鱼	
蜜汁火方	
番茄蛋花汤	
草莓慕斯	
温泉鸡	
糖油粑	
凉皮子	
金线油塔	
荞粑粑	
麦辣鸡翅	
集贤里	
油炸果子	
米凉粉	
老都一处	
闻喜煮饼	
核桃酪	
益胃汤	
宜宾燃面	
泰山赤鳞鱼	
芝麻杆	
泡椒田鸡	
同川梨	
酸菜炒米	
油炸青苔	
油淋鸡	
婚庆蛋糕	
尕面片	
布丁蛋糕	
杨麻子	
连城地瓜干	
蓬莱小面	
东坡饼	
花生浆	
酥鲫鱼	
炸牛肉	
清炖甲鱼	
糕粑	
赛螃蟹	
泡椒牛肉	
老妈蹄花	
黑肠	
甜水面	
白市驿板鸭	
喝螺	
全家富	
迷迭香叶	
酥皮月饼	
小肚儿	
咸鸭烧黄豆	
糖芋头	
黄桂柿子饼	
玫瑰花粥	
车厘哥夫	
藜蒿炒腊肉	
爪哇咖啡	
奶汤面	
凤尾鱼罐头	
素烩	
沛县狗肉	
永定菜干	
圣诞布丁	
泰山女儿茶	
绍兴麻鸭	
竹筒鸡	
香酥麻鸭	
醋粟	
重阳花糕	
玉液泉	
甜玉米罐头	
孜然牛肉	
青精饭	
蟹壳黄烧饼	
天府花生	
欢喜坨	
清蒸加吉鱼	
素烧鹅	
香菜圆子	
马奶子酒	
大肉饼	
皮条鳝鱼	
天水呱呱	
糊塌子	
腊猪头	
姊妹团子	
酱肉包	
羊杂割	
玉米热狗	
凤戏牡丹	
蓝莓芝士	
稀豆粉	
大理石蛋糕	
雪花羊肉	
葡萄鱼	
红烧猪手	
拌莴笋	
蟹黄鱼翅	
柠檬鸡	
泡菜鱼	
火锅粉	
富顺豆花	
酒肠	
黑椒牛仔骨	
拌肚丝	
海米冬瓜	
莜面栲栳栳	
薄烤饼	
江津米花糖	
金钱饼	
潘趣酒	
金针菇罐头	
鲔鱼三明治	
苏州茉莉花茶	
藕粉圆子	
都督烧卖	
薄脆饼干	
醪糟蛋	
铺盖面	
馕坑肉	
脆皮肠	
宁化老鼠干	
荷叶糍粑	
石头饼	
菊花鱼生	
广藿香油	
香蒜面包	
干锅茶树菇	
重庆老火锅	
干锅兔	
贴饽饽熬小鱼	
正山小种红茶	
城隍庙五香豆	
老孙家羊肉泡	
京冬菜	
蒙自过桥米线	
菜豆花	
炖鸡面	
百果年糕	
三色蛋	
荞面饸饹	
鸠坑毛尖	
独山盐酸菜	
钱钱饭	
蒸蛋糕	
焖扁豆	
宜红茶	
馕包肉	
抓炒全鱼	
孔府糕点	
清咽茶	
纸杯蛋糕	
马谛氏	
酸木瓜	
粉皮面筋	
遵义毛峰	
抹茶冰淇淋	
干菜焖肉	
五彩球	
干贝汤	
武平猪胆干	
香芋扣肉	
重庆辣子鸡	
干锅肥肠	
扬州酱菜	
松子糕	
外婆家醉鱼	
桔红糕	
鱼羊鲜	
盘丝饼	
小月担仔面	
萧山花边	
韭菜炒肉	
爆鱼面	
枫泾丁蹄	
度小月担仔面	
扒原壳鲍鱼	
破酥包	
石岐乳鸽	
八仙茶	
印度奶茶	
赊店老酒	
芦蒿炒香干	
宜兴百合	
小西米	
水晶肉	
红烧熊掌	
大雪枣	
油墩子	
魔芋烧鸭	
南昌米粉	
太师面	
燕窝酥	
炒米糖	
百花糕	
菠菜猪肝汤	
萝卜鱼	
怀远石榴	
冰糖莲子汤	
清蒸石斑鱼	
焖黄鳝	
帕尔玛火腿	
绿豆粉皮	
米肠子	
白果烧鸡	
石蛤蟆	
糖心蛋	
面肺子	
红烧鲍鱼	
五城茶干	
肥肠面	
油爆双脆	
杏仁蛋糕	
御珍	
白玉翡翠	
天麻酒	
杜康牌	
枣泥酥	
烫干丝	
南山庄园	
脆皮炸鸡	
玉米汁饮料	
万州烤鱼	
焖狗肉	
青岩茗翠	
绍兴香糕	
扭结糖	
灯芯糕	
诗礼银杏	
炒米线	
红烧大虾	
米粉蒸肉	
麦辣鸡腿汉堡	
千层蛋	
糟田螺	
清汤燕菜	
风鸭	
王星记扇子	
白云凤爪	
姜葱炒蟹	
琥珀鸽蛋	
梅花粥	
蒸肠粉	
香菇鸡肉粥	
牛腰子	
蒙自年糕	
清蒸刀鱼	
芒果班戟	
柚子蜜	
当归鸡	
荔枝茶	
菊花鲈鱼	
宝庆猪血丸子	
蒸江团	
雪梨酒	
油卵	
瓤豆腐	
芙蓉干贝	
芋头酥	
黄家烤肉	
苹果卷	
白煮肉	
庐山石耳	
清蒸海鲜	
毛哥老鸭汤	
红丸子	
干烧鱼翅	
吮指原味鸡	
天然薄荷脑	
斋卤味	
生炒菜心	
白丸子	
早餐肠	
福山拉面	
凤尾酥	
酥角	
地瓜饼	
芙蓉鲜蔬汤	
雪山梅	
玉带糕	
组庵鱼翅	
煎丸子	
芝麻豆腐	
空心果	
金丝饼	
烧花鸭	
青芥末	
白家肥肠粉	
黑米稀饭	
东莞腊肠	
六味斋酱肉	
卡夫奇妙酱	
牛外脊	
玫瑰大头菜	
猪油年糕	
清蒸江团	
驴板肠	
蜂蜜麻糖	
海鲫鱼	
毛毛面	
梅干菜烧肉	
南京雨花茶	
虾子面	
红烧划水	
炒血鸭	
锅塌豆腐	
珍珠元子	
圣杞乐	
凉拌折耳根	
威士忌苏打	
菊花酿鱼肚	
金线吊葫芦	
油炸臭干	
花生枣	
简阳羊肉汤	
蜂蜜凉粽子	
带子上朝	
炖梅	
琥珀桃仁	
拌鸡丝	
沟帮子熏鸡	
虾肉小笼	
小凤饼	
焖肉面	
清汤鱼圆	
柠乐	
荷花酥	
美国蛇果	
四季美汤包	
圆筒冰淇淋	
广东月饼	
凤翔腊驴肉	
零点咖啡	
番茄豆腐	
芝麻酥糖	
泡油糕	
发财就手	
红芽歪尾桃	
龙脂猪血	
九龙茶	
茅粮	
小红头	
凤凰出世	
兔脯	
饮料罐头	
腌酸鱼	
美乐多	
凉拌猪耳	
炒面线	
晾肉	
六月鲜	
芙蓉蟹	
鸽蛋圆子	
油焖虾	
甜烧白	
南乳肉	
炸五香	
蝴蝶海参	
威宁火腿	
六安瓜片茶	
马烧麦	
鲜花饼	
杜仲腰花	
火局鸡	
太平猴魁茶	
陵水酸粉	
荣乐园	
沩山毛尖	
辣椒骨	
浦东鸡	
金银蹄	
石耳炖鸡	
昌化山核桃	
矮人松糕	
巧酥	
熘土豆丝	
奶汤蒲菜	
炒豇豆	
嵌桃麻糕	
糟熘鱼片	
山城小汤圆	
蔡记蒸饺	
蓬莱米	
蚝煎	
清蒸排骨	
日本南瓜	
毛峰熏鲥鱼	
折耳根炒腊肉	
热面皮	
谷雨茶	
龙凤饼	
鱼咬羊	
水煎包子	
开洋干丝	
蛋黄卷	
芝麻团	
蔬果搭配	
蒜泥黄瓜	
石板粑粑	
荤豆花	
豆花粉	
毕节汤圆	
煎灌肠	
四川腊肉	
和味牛杂萝卜	
酸笋煮鸡	
糟毛豆	
大理砂锅鱼	
高纤维椰果	
千张包子	
芙蓉鲫鱼	
三文治火腿	
清蒸鲩鱼	
奶油沙司	
鲜花玫瑰饼	
绿豆凉粉	
鱼肉汉堡	
汤爆双脆	
软炸鸡	
炒白果	
三丝敲鱼	
软饼干	
莴笋叶子	
生牛肉酱	
三七汽锅鸡	
芒果雪芭	
龙眼酥	
猪血灌肠	
手撕饼	
糯米球	
九华毛峰	
平湖糟蛋	
鸭羹	
猪杂粥	
醉排骨	
翠梅酸辣鱼	
特色炒饭	
烙糕	
太白鸭	
笼仔饭	
王鸭子	
圆蛋糕	
岐山哨子面	
盐水菜心	
沙溪凉茶	
扬州干丝	
神仙鸭子	
沧州冬菜	
雷家豆腐圆子	
小笼蒸牛肉	
海鲜小豆腐	
樱桃派	
山鸡片	
柴沟堡熏肉	
油脆	
重庆水煮鱼	
麻辣鸭头	
白金针	
柠檬蛋糕	
红枣年糕	
炉猪	
石头门坎素包	
鹌鹑蛋罐头	
蒸鹿尾儿	
萝卜饺子	
糖酥煎饼	
烧肺	
猪油汤团	
火鸡三明治	
老毛手抓	
百合酥	
芝麻片	
口袋豆腐	
宁红茶	
回民餐厅	
上海水蜜桃	
醋椒鱼	
姜汁饼	
红烧蹄筋	
条酥	
耿福兴	
尖椒鸡	
荞凉粉	
玉林牛巴	
清蒸鸭子	
杨家吊炉饼	
麦德乐	
苔菜小方烤	
参花茶	
叉烧鸡	
芒果芝士蛋糕	
扒驼掌	
破酥包子	
熊掌豆腐	
青城茶	
玛琪琳	
洞顶乌龙	
干锅田鸡	
烩海参	
梳乎厘	
奶油五香豆	
八仙过海闹罗汉	
宋嫂面	
干炸丸子	
牛肉焦饼	
鲤鱼三吃	
麻巧	
海蟑螂	
老巴布	
唐纳滋	
美人肝	
炸茄盒	
海天金标生抽	
散饭	
小鱿鱼片	
荷兰粉	
桂平西山茶	
麝香猫咖啡	
爆三样	
擂沙圆	
石竹茶	
咸烧白	
蛋黄莲蓉月饼	
连锅汤	
糖水荔枝罐头	
大理雪梨	
走油肉	
满城香	
水饺子	
苹果酥	
喜洲粑粑	
牛肉烧卖	
丝路春	
腐皮包黄鱼	
南岳云雾茶	
顾渚紫笋茶	
合川肉片	
山椒凤爪	
米凉虾	
翠云水煮鱼	
得莫利炖鱼	
干煸肉丝	
大菜糕	
猪油盒	
韭菜包子	
五香狗肉	
三丝鱼翅	
毡酒	
棋子烧饼	
高粱饭	
开洋葱油面	
马铃薯沙拉	
轻乳酪蛋糕	
凉鸡米线	
五彩雪花扇贝	
摩根斯特	
云梦鱼面	
木瓜酥	
什锦麦片	
德园包子	
辣椒蟹	
天下第一包	
麻酱凤尾	
猫儿面	
螺丝鸡	
发丝百页	
腐乳饼	
太安鱼	
氽丸子	
苹果蛋糕	
两面火	
双椒鸡	
鹿肉汤	
蛋黄果	
洋葱炒蛋	
咖啡饼干	
冰糖银耳羹	
草帽饼	
米面皮子	
酸萝卜老鸭汤	
石子饼	
努力餐	
雅丽嘉	
即食鲍鱼	
炸面筋	
玫瑰镜糕	
铁锅蛋	
马打滚	
带把肘子	
汉斯干啤	
川贝炖梨	
锅盔馍	
枣泥山药糕	
曹记驴肉	
盐火局鸡	
生榨米粉	
凉拌藕	
黑胡椒牛柳	
大方糕	
香草奶昔	
枣卷	
吴山酥油饼	
滑蛋牛肉	
鸡杂炒干巴菌	
南煎丸子	
海马宫茶	
娥姐粉果	
豆汤饭	
香芹籽	
蒙古包子	
炝黄瓜	
波士顿派	
甜蒜	
克东腐乳	
玉兰饼	
壹条龙饭庄	
三鲜锅巴	
鸡肉糁	
酥羊肉	
滇八件	
太阳糕	
三虾豆腐	
小笼灌汤包	
蛋烧卖	
鸭油酥烧饼	
榆林豆腐	
酱爆肉	
凉拌皮蛋	
麻烘糕	
婺州举岩	
老正兴菜馆	
粉汤羊血	
热冬果	
珍珠粥	
油炒粉	
五更肠旺	
红烧五花肉	
水晶蛋糕	
火宫殿臭豆腐	
酸菜粉丝汤	
淡糟香螺片	
狗浇尿	
梨丸	
芝麻鱼	
甘露酥	
金银馒头	
安化松针	
瓯江凤尾鱼	
红油鸡块	
核桃仁粥	
西洋李子	
橘红糕	
天水杂烩	
草莓新地	
三鲜米线	
叶儿耙	
扣鸡	
烧雏鸡	
南糯白毫	
尖椒肉丝	
漾濞核桃	
辣椒鱼	
纤扬茶	
凉拌鱼腥草	
玉米色拉	
清炒河虾仁	
火腿炖甲鱼	
香蕉粥	
锅烧鸭	
登瀛楼饭庄	
庐洲	
蝎滚绣球	
五香酱肉	
泡菜牛肚丝	
蒸蒸糕	
珠山茶	
水煮田鸡	
胡萝卜蛋糕	
南京香肚	
卡通蛋糕	
可可咖啡	
熘鲜蘑	
西亭脆饼	
鸡汁土豆泥	
八仙粉	
鲜肉粽子	
一品肉	
桂花酥糖	
烧子鹅	
威宁荞酥	
川菜回锅肉	
弥渡卷蹄	
炸鱼丸	
红螺食品	
新南轩	
萝卜炖羊肉	
怪味鸡块	
灌肺	
糖醋脆皮鱼	
曹操鸡	
芥菜圆子	
红烧梭子蟹	
水煮羊肉	
奶油生菜	
飞龙汤	
汪集鸡汤	
蒜泥茄子	
麻辣田螺	
白运章包子	
荷包饭	
蟹足棒	
鸡丝馄饨	
桂花干贝	
金华兔头煲	
酱烧茄	
手抓羊排	
干煸土豆丝	
红烧兔头	
豆末糖	
千层牛肉饼	
油炸洋芋	
灰豆子	
巧克力泡芙	
金瓜芋泥	
谭豆花	
腰果鸡丁	
水瓜柳	
棒槌果子	
果冻三明治	
九江煎堆	
椰子饼	
烩酸菜	
丹麦酥	
柿面糊塌	
意大利千层面	
双麻酥饼	
酒醉河田鸡	
摩卡薄荷咖啡	
绣球干贝	
南瓜包	
糖藕片	
意大利饺子	
饸饹面	
瑞士咖啡人	
白橙糖	
熏马肠	
老鼎丰糕点	
清炒鳝糊	
腌萝卜干	
鸡血汤	
咖喱牛肉汤	
炒清虾仁	
华顶云雾茶	
福州茉莉花茶	
豉汁蒸排骨	
清水白菜	
洋县黑米	
抓炒鲤鱼	
辣子炒薰肉	
潮糕	
俄式咖啡	
金鱼戏莲	
凉瓜排骨	
家常海参	
清蒸羊羔肉	
果汁伴侣	
肉丝炒年糕	
烩羊杂碎	
沙湖盐蛋	
秦安肚丝汤	
拔丝芋头	
芝麻卷	
苦瓜粥	
火炼金身	
炖菜核	
鱼翅饺	
碱水粑	
绿兰莎	
虫草炖鸡	
咸鱼茄子煲	
金黄蜜枣	
芝兰斋糕干	
那不勒斯风味咖啡	
烧猪肝	
香菇肉丝	
鸡尾杯	
萝卜丝鲫鱼汤	
锅烧鲤鱼	
油煎毛豆腐	
汽水肉	
汉水银梭	
海凉粉	
李锦记蒸鱼豉油	
碧绿虾仁	
军屯锅魁	
蓝色香槟	
秦安麻腐馍	
双层吉士汉堡	
冰葫芦	
葱油酥	
谢凉粉	
开煲狗肉	
汤丸王	
蛋花米酒	
淀粉软糖	
笋烧海参	
荠菜春卷	
杀猪饭	
香菇包	
天一坊	
双酿团	
原平锅魁	
酱烧茄子	
永胜油茶	
泡泡油糕	
宴春酒楼	
老妈宫粽球	
天人有机	
芙蓉餐厅	
火腿豆焖饭	
卡夫果珍	
罗汉大虾	
包谷粑粑	
玉林茶泡	
菜蟒	
腌鲜鳜鱼	
四季鲜蔬	
豆乳饮料	
山之韵	
抹茶星冰乐	
红枣茯苓粥	
菊花鱿鱼	
合水粉葛	
鱼丝面	
墨子酥	
深海鳕鱼堡	
老山记海城馅饼	
洞庭金龟	
峨蕊茶	
清炒芦笋	
黄米粽子	
四条包子	
老麻抄手	
李鸿章杂烩	
延边苹果梨	
酱玉瓜	
炒粉鱼	
金华汤包	
焖白鳝	
炝土豆丝	
无为熏鸭	
鸡汤氽海蚌	
黄山炖鸽	
油炸臭豆腐干	
培根火腿	
神仙钵	
虎皮蛋糕	
遵义豆花面	
商芝肉	
白斩河田鸡	
蜜汁山药	
烤鸡皮	
雪片糕	
可可蛋糕	
凤尾鱼翅	
杨凌蘸水面	
梨子水	
西芹虾仁	
碗耳糕	
鳎目鱼	
片儿川面	
詹王鸡粉	
黄松糕	
排冬菜	
特级板烧鸡腿堡	
哈达饼	
盘餐市	
满台飞	
干捞粉	
鱼圆汤	
皮蛋酥	
小花片	
早白尖	
清汤鱼翅	
酸辣凤爪	
贵妃鸡翅	
青城泡菜	
鲍鱼罐头	
天麻汽锅鸡	
猪肝绿豆粥	
清蒸八宝猪	
油醪糟	
香蕉糕	
玫瑰魅力	
金蟾拜月	
徽州臭豆腐	
玻璃烧麦	
卤汁凉粉	
鹿肉片	
菠菜鸡蛋汤	
乐而美汉堡	
红烧野鸭	
大理三道茶	
酸奶饼	
锅渣	
桂花肉	
四喜蒸饺	
醪糟鸡蛋	
高汤水饺	
雪映红梅	
金丝琥珀蜜枣	
土豆	
