花蛋糕	
砵仔糕	
菠萝蜜	
美食之旅	
麦饭	
夜光杯	
压缩饼干	
麻婆豆腐	
硫酸铜	
东来顺	
徽菜	
金菊	
白胡椒	
方糖	
干白	
刺五加	
增稠剂	
雪团	
比目鱼	
粉皮	
包面	
热干面	
糖粉	
茶饼	
古越龙山	
顶呱呱	
蜂蜡
鼠曲粿	
佛手酥	
麻辣火锅底	
扒板	
祁红茶	
虫草汽锅鸡	
油燃面	
荷叶肉	
葱包桧儿	
香肠儿	
顺庆羊肉粉	
清蒸哈什蚂	
台湾卤肉饭	
黎家竹筒饭	
高桥松饼	
抓炒里脊	
清汤牛腩	
神池麻花	
芮城麻片	
菊花枸杞茶	
豆腐鲫鱼	
桂花栗子羹	
梓潼酥饼	
敬亭绿雪茶	
姜葱鸡	
桑葚粥	
卤子鹅	
香叶油	
酸菜猪肉炖粉条	
老童家腊羊肉	
豆花火锅	
长城干白葡萄酒	
虫草全鸭	
白蜂糕	
古丈毛尖茶	
刀切糍	
大福来锅巴菜	
锅烧鸡	
八宝壶	
生炊龙虾	
高平烧豆腐	
松子酥	
镇宁波波糖	
金鱼饺	
泰安煎饼	
黄心管儿	
继光饼	
玉米排骨汤	
白巧克力蛋糕	
油豆腐干	
金锣火腿肠	
毫崩	
罐儿野鸡	
奎宁水	
杨梅红
叶黄素
叶绿素铜钠盐
叶绿素
铜钾盐
乙酰磺胺酸钾
安赛蜜
异构化乳糖液
异麦芽酮糖
硬脂酸钾
硬脂酰乳酸钠
硬脂酰
乳酸钙
诱惑红
蔗糖脂肪酸酯
栀子黄
植物炭黑
竹叶抗氧化物
紫草红
紫胶
虫胶
紫胶红
虫胶红
巴西棕榈蜡
盐酸安非他酮	
甲苯达唑	
绒促性素	
甲羟孕酮	
乙酰唑胺	
鱼石脂	
亚叶酸钙	
碘化油	
氟硝西泮	
特比萘芬	
沙培林	
单磷酸阿糖腺苷	
硫酸铁铵	
苯唑西林	
安替比林	
非那甾胺	
兼性厌氧菌	
奥美沙坦酯	
双嘧达莫	
拉西地平	
米托蒽醌	
瑞巴派特	
聚谷氨酸	
苯佐那酯	
水飞蓟素	
普伐他汀钠	
盐酸替罗非班	
甘草酸苷	
异戊巴比妥	
苄星青霉素	
二羟苯甲酸	
十一酸睾酮	
棒状杆菌	
磷酸氯喹	
氧哌嗪青霉素	
磷霉素钠	
磷酸腺苷	
硝酸异山梨酯	
羟甲基纤维素	
酒石酸吉他霉素	
多瘤病毒	
氨酪酸	
新生霉素	
薄荷酮	
头孢磺啶	
环酯红霉素	
尿色素	
水杨酸盐	
聚甘油脂肪酸酯	
美克洛嗪	
新泰洛其	
葡萄糖酸锌颗粒	
甲睾酮	
磷酸哌嗪	
鱼肝油乳	